"Енергія із ВДЕ, вироблена в громаді",кВт.год.,1,Енергоменеджер,AA-001,0
Інвестиції у ВДЕ,Млн.грн.,1,Енергоменеджер,AA-002,0
Спожито холодної води населенням,м3,1,Енергоменеджер,AA-003,0
Реалізовано холодної води підприємствами водопостачання,м3,1,Енергоменеджер,AA-004,0
Втрат води в мережах,м3,1,Енергоменеджер,AA-005,0
"Каналізаційних стоків, котрі проходять очистку",м3,1,Енергоменеджер,AA-006,0
Очищено мулу із каналізаційних стоків,Тонн,1,Енергоменеджер,AA-007,0
"Використано мулу із каналізаційних стоків (удобрення с/г угідь, бродіння, сушіння і спалювання дигестату)",Тонн,1,Енергоменеджер,AA-008,0
Вироблено енергії із каналізаційних стоків,МВт.год.,1,Енергоменеджер,AA-009,0
Вироблено біогазу із каналізаційних стоків,м3,1,Енергоменеджер,AA-010,0
Годин без холодного водопостачання внаслідок аварій,Год.,1,Енергоменеджер,AA-011,0
Аварій в системі холодного водопостачання,Од.,0,Енергоменеджер,AA-012,0
Мереж водопостачання в аварійному стані,Км.,1,Енергоменеджер,AA-013,0
Годин без водовідведення та каналізації внаслідок аварій,Год.,1,Енергоменеджер,AA-014,0
Аварій в системі водовідведення та каналізації,Од.,0,Енергоменеджер,AA-015,0
Мереж водовідведення та каналізації в аварійному стані,Км.,1,Енергоменеджер,AA-016,0
Підтоплених домогосподарств,Од.,0,Енергоменеджер,AA-017,0
Домогосподарств із централізованим водопостачанням,Од.,0,Енергоменеджер,AA-018,0
Викидів СО2 за рік,Тонн,1,Енергоменеджер,AA-019,0
Участь у міжнародних та національних ініціативах та організаціях в сфері сталого розвитку та енергоефективності,Од.,0,Енергоменеджер,AA-020,0
Залучених із МФО грантових та кредитних коштів у сталий розвиток та енергоефективність,Млн.грн.,1,Енергоменеджер,AA-021,0
"Осіб, задіяних в енергоменеджменті в громаді та пов'язаних підприємствах, установах та організаціях",Осіб,0,Енергоменеджер,AA-022,0
"Бюджетних установ, охоплених щоденним або що два дні енергомоніторингом",Од.,0,Енергоменеджер,AA-023,0
Коштів на мотивацію енергоменеджерів та установ,Млн.грн.,1,Енергоменеджер,AA-024,0
Енергоаудитів будівель бюджетних установ щонайменше 2-річної давності,Од.,0,Енергоменеджер,AA-025,0
"Представників структурних підрозділів в ОМС, залучених до планування та роботи над сталим розвитком",Од.,0,Енергоменеджер,AA-026,0
Зустрічей із громадськістю та публічних обговорень щодо теми сталого розвитку та енергоефективності,Од.,0,Енергоменеджер,AA-027,0
Використано палива за рік,кВт.год.,1,Енергоменеджер,AA-028,0
Використано бензину за рік,кВт.год.,1,Енергоменеджер,AA-029,0
Використано дизпалива за рік,кВт.год.,1,Енергоменеджер,AA-030,0
Використано автомобільних газів за рік,кВт.год.,1,Енергоменеджер,AA-031,0
Використано електроенергії транспортними засобами за рік,кВт.год.,1,Енергоменеджер,AA-032,0
Кількість заправних та зарядних станцій,Од.,0,Енергоменеджер,AA-033,0
Кількість АЗС,Од.,0,Енергоменеджер,AA-034,0
Кількість АГНКС,Од.,0,Енергоменеджер,AA-035,0
Кількість зарядних станцій для авто,Од.,0,Енергоменеджер,AA-036,0
"Вся енергія, спожита в громаді",кВт.год.,1,Енергоменеджер,AA-037,0
Реалізовано теплової енергії теплопостачальними підприємствами на опалення та ГВП,кВт.год.,1,Енергоменеджер,AA-038,0
Спожито опалення від теплопостачальних підприємств,кВт.год.,1,Енергоменеджер,AA-039,0
Спожито гарячої води від підприємств ГВП,м3,1,Енергоменеджер,AA-040,0
Годин без електропостачання внаслідок аварій,Год.,1,Енергоменеджер,AA-041,0
Аварій в системі електропостачання,Од.,0,Енергоменеджер,AA-042,0
Годин без теплопостачання внаслідок аварій,Год.,1,Енергоменеджер,AA-043,0
Аварій в системі теплопостачання,Од.,0,Енергоменеджер,AA-044,0
Годин без газопостачання внаслідок аварій,Год.,1,Енергоменеджер,AA-045,0
Аварій в системі газопостачання,Од.,0,Енергоменеджер,AA-046,0
Годин без гарячого водопостачання внаслідок аварій,Год.,1,Енергоменеджер,AA-047,0
Аварій в системі гарячого водопостачання,Од.,0,Енергоменеджер,AA-048,0
Домогосподарств із централізованим теплопостачанням,Од.,0,Енергоменеджер,AA-049,0
Домогосподарств із централізованим ГВП,Од.,0,Енергоменеджер,AA-050,0
Кількість діб надання ГВП,Діб,0,Енергоменеджер,AA-051,0
Спожито енергії в громадських будівлях,МВт.год.,1,Енергоменеджер,AA-052,0
Спожито енергії в дошкільних навчальних закладах,МВт.год.,1,Енергоменеджер,AA-053,0
Спожито енергії в загальноосвітніх та позашкільних навчальних закладах,МВт.год.,1,Енергоменеджер,AA-054,0
Спожито енергії в закладах охорони здоров'я,МВт.год.,1,Енергоменеджер,AA-055,0
Спожито енергії в закладах культури,МВт.год.,1,Енергоменеджер,AA-056,0
Спожито енергії в спортивних закладах,МВт.год.,1,Енергоменеджер,AA-057,0
Спожито енергії в адміністративних та інших закладах,МВт.год.,1,Енергоменеджер,AA-058,0
Інвестовано в енергоефективність громадських будівель,Млн.грн.,1,Енергоменеджер,AA-059,0
Опалювальна площа утеплених громадських будівель,м2,1,Енергоменеджер,AA-060,0
Опалювальна площа громадських будівель з ІТП,м2,1,Енергоменеджер,AA-061,0
Спожито електроенергії в житловому секторі,кВт.год.,1,Енергоменеджер,AA-062,0
Спожито теплової енергії в житловому секторі,кВт.год.,1,Енергоменеджер,AA-063,0
Спожито природного газу в житловому секторі,кВт.год.,1,Енергоменеджер,AA-064,0
Спожито гарячої води в житловому секторі,кВт.год.,1,Енергоменеджер,AA-065,0
Спожито енергії в багатоквартирних будинках із централізованим опаленням,кВт.год.,1,Енергоменеджер,AA-066,0
Спожито енергії в багатоквартирних будинках з індивідуальним опаленням,кВт.год.,1,Енергоменеджер,AA-067,0
Спожито енергії в приватних будинках,кВт.год.,1,Енергоменеджер,AA-068,0
Спожито енергії в житловому секторі,кВт.год.,1,Енергоменеджер,AA-069,0
Інвестицій в енергоефективність в житловому секторі,Млн.грн.,1,Енергоменеджер,AA-070,0
Видатки на ПЕР в бюджетних установах,Млн.грн.,1,Енергоменеджер,AA-071,0
Інвестиції в енергоефективність,Млн.грн.,1,Енергоменеджер,AA-072,0
"Вартість енергоресурсів (опалення та енергопостачання), спожитих в громаді (всі стаціонарні споживачі)",млн.грн.,1,Енергоменеджер,AA-073,0
"Осіб, котрим надається водопостачання",осіб,0,Енергоменеджер,AA-074,0
Спожито енергоресурсів підприємствами водопостачання,кВт.год.,1,Енергоменеджер,AA-075,0
Каналізаційних стоків за рік,м3,1,Енергоменеджер,AA-076,0
Мулу із каналізаційних стоків за рік,тонн,1,Енергоменеджер,AA-077,0
Мереж водопостачання,км.,1,Енергоменеджер,AA-078,0
Мереж водовідведення та каналізації,км.,1,Енергоменеджер,AA-079,0
Бюджетних установ,Од.,0,Енергоменеджер,AA-080,0
"Будівель бюджетних установ, в котрих доцільно проводити",Од.,0,Енергоменеджер,AA-081,0
Структурних підрозділів в ОМС,Од.,0,Енергоменеджер,AA-082,0
Транспортних засобів,од.,0,Енергоменеджер,AA-083,0
Транспортних засобів із ДВЗ,од.,0,Енергоменеджер,AA-084,0
Транспортних засобів із ГБО,од.,0,Енергоменеджер,AA-085,0
Електромобілів,од.,0,Енергоменеджер,AA-086,0
Опалювальна площа будівель,м2,1,Енергоменеджер,AA-087,0
Спожито енергоресурсів теплопостачальними підприємствами та підприємствами ГВП,кВт.год.,1,Енергоменеджер,AA-088,0
Спожито енергоресурсів теплопостачальними підприємствами саме на теплопостачання,кВт.год.,1,Енергоменеджер,AA-089,0
Спожито енергоресурсів підприємствами гарячого водопостачання саме на ГВП,кВт.год.,1,Енергоменеджер,AA-090,0
Спожито енергії в будівлях,МВт.год.,1,Енергоменеджер,AA-091,0
Перебуває осіб в дошкільних навчальних закладах протягом дня,осіб,0,Енергоменеджер,AA-092,0
Перебуває осіб в загальноосвітніх та позашкільні навчальних закладах протягом дня,осіб,0,Енергоменеджер,AA-093,0
Перебуває осіб в закладах охорони здоров'я протягом дня,осіб,0,Енергоменеджер,AA-094,0
Перебуває осіб в закладах культури протягом дня,осіб,0,Енергоменеджер,AA-095,0
Перебуває осіб в спортивних закладах протягом дня,осіб,0,Енергоменеджер,AA-096,0
Перебуває осіб в адміністративних закладах протягом дня,осіб,0,Енергоменеджер,AA-097,0
Опалювальна площа громадських будівель,м2,1,Енергоменеджер,AA-098,0
Опалювальна площа дошкільних навчальних закладів,м2,1,Енергоменеджер,AA-099,0
Опалювальна площа загальноосвітніх та позашкільних навчальних закладів,м2,1,Енергоменеджер,AA-100,0
Опалювальна площа закладів охорони здоров'я,м2,1,Енергоменеджер,AA-101,0
Опалювальна площа закладів культури,м2,1,Енергоменеджер,AA-102,0
Опалювальна площа спортивних закладів,м2,1,Енергоменеджер,AA-103,0
Опалювальна площа адміністративних та інших закладів,м2,1,Енергоменеджер,AA-104,0
Сплачено за енергоносії в громадських будівлях,млн.грн.,1,Енергоменеджер,AA-105,0
Опалювальна площа громадських будівель із централізованим теплопостачанням,м2,1,Енергоменеджер,AA-106,0
Домогосподарств із електропостачанням,од.,0,Енергоменеджер,AA-107,0
Домогосподарств із теплопостачанням,од.,0,Енергоменеджер,AA-108,0
Домогосподарств із газопостачанням,од.,0,Енергоменеджер,AA-109,0
Домогосподарств із гарячим водопостачанням,од.,0,Енергоменеджер,AA-110,0
Опалювальна площа квартир в багатоквартирних будинках із централізованим опаленням,м2,1,Енергоменеджер,AA-111,0
Опалювальна площа квартир в багатоквартирних будинках з індивідуальним опаленням,м2,1,Енергоменеджер,AA-112,0
Опалювальна площа приватних будинків,м2,1,Енергоменеджер,AA-113,0
Видатки на ПЕР в житловому секторі,млн.грн.,1,Енергоменеджер,AA-114,0
Інвестицій в громаду,млн.грн.,1,Енергоменеджер,AA-115,0
"Енергія із ВДЕ, вироблена в громаді",кВт.год.,1,Обленерго,AB-001,0
"Електроенергія із ВДЕ, вироблена в громаді (сонячна+вітрова+біомаси+гідро+геотермальна)",кВт.год.,1,Обленерго,AB-002,0
"Енергія із ВДЕ, вироблена в громаді",кВт.год.,1,Обленерго,AB-003,0
Спожито електроенергії в житловому секторі,кВт.год.,1,Обленерго,AB-004,0
"Вся енергія (електроенергія та тепло), спожита в громаді",кВт.год.,1,Обленерго,AB-005,0
"Вся електроенергія, спожита в громаді",кВт.год.,1,Обленерго,AB-006,0
Домогосподарств із електропостачанням,од.,0,Обленерго,AB-007,0
Спожито енергії в багатоквартирних будинках з індивідуальним опаленням,кВт.год.,1,Облгаз,AC-001,0
Спожито природного газу в житловому секторі,кВт.год.,1,Облгаз,AC-002,0
Домогосподарств із газопостачанням,од.,0,Облгаз,AC-003,0
Опалювальна площа квартир в багатоквартирних будинках з індивідуальним опаленням,м2,1,Облгаз,AC-004,0
Опалювальна площа багатоквартирних будинків з індивідуальним опаленням,м2,1,Облгаз,AC-005,0
"Енергія із ВДЕ, вироблена в громаді",кВт.год.,1,Виробники електроенергії,AD-001,0
"Електроенергія із ВДЕ, вироблена в громаді (сонячна+вітрова+біомаси+гідро+геотермальна)",кВт.год.,1,Виробники електроенергії,AD-002,0
"Вся енергія (електроенергія та тепло), спожита в громаді",кВт.год.,1,Виробники електроенергії,AD-003,0
"Вся електроенергія, спожита в громаді",кВт.год.,1,Виробники електроенергії,AD-004,0
Спожито холодної води населенням,м3,1,Водоканал,AE-001,0
Реалізовано холодної води підприємствами водопостачання,м3,1,Водоканал,AE-002,0
Втрат води в мережах,м3,1,Водоканал,AE-003,0
"Дощових стоків, котрі проходять очистку",м3,1,Водоканал,AE-004,0
"Каналізаційних стоків, котрі проходять очистку",м3,1,Водоканал,AE-005,0
Очищено мулу із каналізаційних стоків,Тонн,1,Водоканал,AE-006,0
"Використано мулу із каналізаційних стоків (удобрення с/г угідь, бродіння, сушіння і спалювання дигестату)",Тонн,1,Водоканал,AE-007,0
Вироблено енергії із каналізаційних стоків,МВт.год.,1,Водоканал,AE-008,0
Вироблено біогазу із каналізаційних стоків,м3,1,Водоканал,AE-009,0
Годин без холодного водопостачання внаслідок аварій,Год.,1,Водоканал,AE-010,0
Аварій в системі холодного водопостачання,Од.,0,Водоканал,AE-011,0
Мереж водопостачання в аварійному стані,Км.,1,Водоканал,AE-012,0
Годин без водовідведення та каналізації внаслідок аварій,Год.,1,Водоканал,AE-013,0
Аварій в системі водовідведення та каналізації,Од.,0,Водоканал,AE-014,0
Мереж водовідведення та каналізації в аварійному стані,Км.,1,Водоканал,AE-015,0
Підтоплених домогосподарств,Од.,0,Водоканал,AE-016,0
Домогосподарств із централізованим водопостачанням,Од.,0,Водоканал,AE-017,0
Спожито гарячої води від підприємств ГВП,м3,1,Водоканал,AE-018,0
"Осіб, котрим надається водопостачання",осіб,0,Водоканал,AE-019,0
Спожито енергоресурсів підприємствами водопостачання,кВт.год.,1,Водоканал,AE-020,0
Дощових стоків за рік,м3,1,Водоканал,AE-021,0
Каналізаційних стоків за рік,м3,1,Водоканал,AE-022,0
Мулу із каналізаційних стоків за рік,тонн,1,Водоканал,AE-023,0
Мереж водопостачання,км.,1,Водоканал,AE-024,0
Мереж водовідведення та каналізації,км.,1,Водоканал,AE-025,0
Спожито енергоресурсів підприємствами гарячого водопостачання саме на ГВП,кВт.год.,1,Водоканал,AE-026,0
"Енергія із ВДЕ, вироблена в громаді",кВт.год.,1,Міськтеплоенерго,AF-001,0
"Теплова енергія із ВДЕ, вироблена в громаді (гео-, водо-, геліотермальна+біомаси+біопалива)",кВт.год.,1,Міськтеплоенерго,AF-002,0
Реалізовано теплової енергії теплопостачальними підприємствами на опалення та ГВП,кВт.год.,1,Міськтеплоенерго,AF-003,0
Спожито опалення від теплопостачальних підприємств,кВт.год.,1,Міськтеплоенерго,AF-004,0
Спожито енергії в багатоквартирних будинках із централізованим опаленням,кВт.год.,1,Міськтеплоенерго,AF-005,0
Спожито теплової енергії в житловому секторі,кВт.год.,1,Міськтеплоенерго,AF-006,0
"Вся енергія (електроенергія та тепло), спожита в громаді",кВт.год.,1,Міськтеплоенерго,AF-007,0
"Вся теплова енергія, спожита в громаді",кВт.год.,1,Міськтеплоенерго,AF-008,0
Спожито енергоресурсів теплопостачальними підприємствами та підприємствами ГВП,кВт.год.,1,Міськтеплоенерго,AF-009,0
Спожито енергоресурсів теплопостачальними підприємствами саме на теплопостачання,кВт.год.,1,Міськтеплоенерго,AF-010,0
Домогосподарств із теплопостачанням,од.,0,Міськтеплоенерго,AF-011,0
Домогосподарств із гарячим водопостачанням,од.,0,Міськтеплоенерго,AF-012,0
Опалювальна площа квартир в багатоквартирних будинках із централізованим опаленням,м2,1,Міськтеплоенерго,AF-013,0
Опалювальна площа багатоквартирних будинків із централізованим опаленням,м2,1,Міськтеплоенерго,AF-014,0
"Енергія із ВДЕ, вироблена в громаді",кВт.год.,1,Виробники теплової енергії,AG-001,0
"Теплова енергія із ВДЕ, вироблена в громаді (гео-, водо-, геліотермальна+біомаси+біопалива)",кВт.год.,1,Виробники теплової енергії,AG-002,0
"Вся енергія (електроенергія та тепло), спожита в громаді",кВт.год.,1,Виробники теплової енергії,AG-003,0
"Вся теплова енергія, спожита в громаді",кВт.год.,1,Виробники теплової енергії,AG-004,0
"Вся енергія, спожита в громаді",кВт.год.,1,Постачальні організації,AH-001,0
Реалізовано теплової енергії теплопостачальними підприємствами на опалення та ГВП,кВт.год.,1,Постачальні організації,AH-002,0
Спожито опалення від теплопостачальних підприємств,кВт.год.,1,Постачальні організації,AH-003,0
Спожито гарячої води від підприємств ГВП,м3,1,Постачальні організації,AH-004,0
Годин без електропостачання внаслідок аварій,Год.,1,Постачальні організації,AH-005,0
Аварій в системі електропостачання,Од.,0,Постачальні організації,AH-006,0
Годин без теплопостачання внаслідок аварій,Год.,1,Постачальні організації,AH-007,0
Аварій в системі теплопостачання,Од.,0,Постачальні організації,AH-008,0
Годин без газопостачання внаслідок аварій,Год.,1,Постачальні організації,AH-009,0
Аварій в системі газопостачання,Од.,0,Постачальні організації,AH-010,0
Годин без гарячого водопостачання внаслідок аварій,Год.,1,Постачальні організації,AH-011,0
Аварій в системі гарячого водопостачання,Од.,0,Постачальні організації,AH-012,0
Домогосподарств із централізованим теплопостачанням,Од.,0,Постачальні організації,AH-013,0
Домогосподарств із централізованим ГВП,Од.,0,Постачальні організації,AH-014,0
Кількість діб надання ГВП,Діб,0,Постачальні організації,AH-015,0
Спожито електроенергії в житловому секторі,кВт.год.,1,Постачальні організації,AH-016,0
Спожито теплової енергії в житловому секторі,кВт.год.,1,Постачальні організації,AH-017,0
Спожито природного газу в житловому секторі,кВт.год.,1,Постачальні організації,AH-018,0
Спожито гарячої води в житловому секторі,кВт.год.,1,Постачальні організації,AH-019,0
Спожито енергії в багатоквартирних будинках із централізованим опаленням,кВт.год.,1,Постачальні організації,AH-020,0
Спожито енергії в багатоквартирних будинках з індивідуальним опаленням,кВт.год.,1,Постачальні організації,AH-021,0
Спожито енергії в приватних будинках,кВт.год.,1,Постачальні організації,AH-022,0
Спожито енергії в житловому секторі,кВт.год.,1,Постачальні організації,AH-023,0
Опалювальна площа будівель,м2,1,Постачальні організації,AH-024,0
Спожито енергоресурсів теплопостачальними підприємствами та підприємствами ГВП,кВт.год.,1,Постачальні організації,AH-025,0
Спожито енергоресурсів теплопостачальними підприємствами саме на теплопостачання,кВт.год.,1,Постачальні організації,AH-026,0
Спожито енергоресурсів підприємствами гарячого водопостачання саме на ГВП,кВт.год.,1,Постачальні організації,AH-027,0
Домогосподарств із електропостачанням,од.,0,Постачальні організації,AH-028,0
Домогосподарств із теплопостачанням,од.,0,Постачальні організації,AH-029,0
Домогосподарств із газопостачанням,од.,0,Постачальні організації,AH-030,0
Домогосподарств із гарячим водопостачанням,од.,0,Постачальні організації,AH-031,0
Опалювальна площа квартир в багатоквартирних будинках із централізованим опаленням,м2,1,Постачальні організації,AH-032,0
Опалювальна площа квартир в багатоквартирних будинках з індивідуальним опаленням,м2,1,Постачальні організації,AH-033,0
Спожито енергії в житловому секторі,кВт.год.,1,Постачальні організації,AH-034,0
Видатки на ПЕР в житловому секторі,млн.грн.,1,Постачальні організації,AH-035,0
"Протяжність освітлених доріг, проспектів та вулиць",Км.,1,Відділ транспорту,AI-001,0
Пішохідних переходів,Од.,0,Відділ транспорту,AI-002,0
"Кількість паркомісць (ознакованих, обладнаних, тощо)",Од.,0,Відділ транспорту,AI-003,0
Протяжність пішохідних вулиць,Км.,1,Відділ транспорту,AI-004,0
"Протяжність пішохідних доріжок, хідників, тощо",Км.,1,Відділ транспорту,AI-005,0
"Протяжність транспортної та пішохідної інфраструктури, пошкодженої або тимчасово недоступної через погодні умови",Км.,1,Відділ транспорту,AI-006,0
"Пасажиро-кілометрів, виконаних громадським транспортом за рік",Пас.км.,1,Відділ транспорту,AI-007,0
"Пасажиро-кілометрів, виконаних електричним громадським транспортом за рік",Пас.км.,1,Відділ транспорту,AI-008,0
"Пасажиро-кілометрів, виконаних неелектричним громадським транспортом за рік",Пас.км.,1,Відділ транспорту,AI-009,0
Пасажиромісць в громадському транспорті із можливістю безготівкової оплати,Од.,0,Відділ транспорту,AI-010,0
"Протяжність доріг, проспектів та вулиць, забезпечених громадським транспортом",Км.,1,Відділ транспорту,AI-011,0
Середньозважена вартість разового проїзду громадським транспортом,Грн.,1,Відділ транспорту,AI-012,0
Велодоріжок,Км.,1,Відділ транспорту,AI-013,0
Велопаркомісць,Од.,0,Відділ транспорту,AI-014,0
Активних користувачів транспорту без ДВС (окрім електромобілів),Осіб,0,Відділ транспорту,AI-015,0
"Транспорту без ДВС (окрім електромобілів), котрий здається напрокат",Од.,0,Відділ транспорту,AI-016,0
"Обладнаних ""велопереїздів""",Од.,0,Відділ транспорту,AI-017,0
ДТП за участю велосипедистів,Од.,0,Відділ транспорту,AI-018,0
Загиблих у ДТП велосипедистів,Од.,0,Відділ транспорту,AI-019,0
"Протяжність доріг, проспектів та вулиць",км.,1,Відділ транспорту,AI-020,0
Протяжність транспортної та пішохідної інфраструктури,км.,1,Відділ транспорту,AI-021,0
"Пасажиро-кілометрів, виконаних усім громадським транспортом за рік",пас.км.,1,Відділ транспорту,AI-022,0
Пасажиромісць в громадському транспорті,од.,0,Відділ транспорту,AI-023,0
Неоподатковуваний мінімум доходів громадян,грн.,1,Відділ транспорту,AI-024,0
Перетинів велодоріжок із проїжджою частиною,од.,0,Відділ транспорту,AI-025,0
ДТП,од.,0,Відділ транспорту,AI-026,0
Площа зелених насаджень,Км2,1,Відділ благоустрою,AI-001,0
Площа відновлених та висаджених зелених насаджень за рік,Км2,1,Відділ благоустрою,AI-002,0
"Площа масових насаджень дерев (парки, сквери, лісопарки, ліси, тощо)",Км2,1,Відділ благоустрою,AI-003,0
"Площа іншого озеленення (поодинокі дерева, кущі вздовж вулиць, газони, поля, луги тощо (без врахування с/г угідь))",Км2,1,Відділ благоустрою,AI-004,0
Асфальтована та брукована територія,Км2,1,Відділ благоустрою,AI-005,0
Площа браунфілдів та деградованих земель,Км2,1,Відділ благоустрою,AI-006,0
Протяжність облагороджених берегів водойм,Км,1,Відділ благоустрою,AI-007,0
Площа непорушених прибережних захисних смуг,Км2,1,Відділ благоустрою,AI-008,0
"Малих архітектурних форм, літніх майданчиків та інших перешкод на хідниках та інших місцях пішохідного і вело руху",Од.,0,Відділ благоустрою,AI-009,0
Малих архітектурних форм,Од.,0,Відділ благоустрою,AI-010,0
"Місць для сидіння на вуличних меблях, парклетах, тощо",Од.,0,Відділ благоустрою,AI-011,0
Сміттєвих урн,Од.,0,Відділ благоустрою,AI-012,0
"Протяжність освітлених доріг, проспектів та вулиць",Км.,1,Відділ благоустрою,AI-013,0
Пішохідних переходів,Од.,0,Відділ благоустрою,AI-014,0
Безпритульних тварин в притулках,Од.,0,Відділ благоустрою,AI-015,0
Чіпованих безпритульних тварин,Од.,0,Відділ благоустрою,AI-016,0
Бродячих тварин,Од.,0,Відділ благоустрою,AI-017,0
Нападів бродячих тварин,Од.,0,Відділ благоустрою,AI-018,0
"Кількість паркомісць (ознакованих, обладнаних, тощо)",Од.,0,Відділ благоустрою,AI-019,0
Протяжність пішохідних вулиць,Км.,1,Відділ благоустрою,AI-020,0
"Протяжність пішохідних доріжок, хідників, тощо",Км.,1,Відділ благоустрою,AI-021,0
"Протяжність транспортної та пішохідної інфраструктури, пошкодженої або тимчасово недоступної через погодні умови",Км.,1,Відділ благоустрою,AI-022,0
"Протяжність доріг, проспектів та вулиць, забезпечених громадським транспортом",Км.,1,Відділ благоустрою,AI-023,0
Велодоріжок,Км.,1,Відділ благоустрою,AI-024,0
Територія громади,км2,1,Відділ благоустрою,AI-025,0
Протяжність берегової смуги,км,1,Відділ благоустрою,AI-026,0
Площа прибережних захисних смуг,км2,1,Відділ благоустрою,AI-027,0
"Протяжність доріг, проспектів та вулиць",км.,1,Відділ благоустрою,AI-028,0
Протяжність транспортної та пішохідної інфраструктури,км.,1,Відділ благоустрою,AI-029,0
Залучених із МФО грантових та кредитних коштів у сталий розвиток та енергоефективність,Млн.грн.,1,Департамент фінансів,AK-001,0
Коштів на мотивацію енергоменеджерів та установ,Млн.грн.,1,Департамент фінансів,AK-002,0
Видатки бюджету розвитку,Млн.грн.,1,Департамент фінансів,AK-003,0
Доходи загального фонду,Млн.грн.,1,Департамент фінансів,AK-004,0
Доходи спеціального фонду,Млн.грн.,1,Департамент фінансів,AK-005,0
Доходи бюджету розвитку,Млн.грн.,1,Департамент фінансів,AK-006,0
Власні доходи,Млн.грн.,1,Департамент фінансів,AK-007,0
Міжбюджетні трансферти,Млн.грн.,1,Департамент фінансів,AK-008,0
Неподаткові доходи,Млн.грн.,1,Департамент фінансів,AK-009,0
Доходи від ПДФО в місцевий бюджет,Млн.грн.,1,Департамент фінансів,AK-010,0
Доходи від акцизного податку в місцевий бюджет,Млн.грн.,1,Департамент фінансів,AK-011,0
Доходи від плати за землю в місцевий бюджет,Млн.грн.,1,Департамент фінансів,AK-012,0
Доходи від ЄП в місцевий бюджет,Млн.грн.,1,Департамент фінансів,AK-013,0
Доходи від податку на нерухоме майно в місцевий бюджет,Млн.грн.,1,Департамент фінансів,AK-014,0
Доходи від туристичного збору в місцевий бюджет,Млн.грн.,1,Департамент фінансів,AK-015,0
Доходи від інших податків та зборів в місцевий бюджет,Млн.грн.,1,Департамент фінансів,AK-016,0
Видатки загального фонду,Млн.грн.,1,Департамент фінансів,AK-017,0
Видатки спеціального фонду,Млн.грн.,1,Департамент фінансів,AK-018,0
Дохідна частина бюджету,Млн.грн.,1,Департамент фінансів,AK-019,0
Видатки на освіту,Млн.грн.,1,Департамент фінансів,AK-020,0
Видатки на охорону здоров'я,Млн.грн.,1,Департамент фінансів,AK-021,0
Видатки на соціальний захист,Млн.грн.,1,Департамент фінансів,AK-022,0
Видатки на ЖКГ,Млн.грн.,1,Департамент фінансів,AK-023,0
Видатки на економічну діяльність,Млн.грн.,1,Департамент фінансів,AK-024,0
Інші видатки,Млн.грн.,1,Департамент фінансів,AK-025,0
Видатки на ПЕР в бюджетних установах,млн.грн.,1,Департамент фінансів,AK-026,0
Видаткова частина бюджету,млн.грн.,1,Департамент фінансів,AK-027,0
Інвестиції у ВДЕ,Млн.грн.,1,Департамент економіки,AL-001,0
Валовий регіональний продукт,Млн.грн.,1,Департамент економіки,AL-002,0
Юридичних осіб,Осіб,0,Департамент економіки,AL-003,0
Інвестиції,Тис.грн.,1,Департамент економіки,AL-004,0
Інвестиції в енергоефективність,Млн.грн.,1,Департамент економіки,AL-005,0
Створених робочих місць за рік,Осіб,0,Департамент економіки,AL-006,0
Середня заробітна плата в громаді,Грн.,1,Департамент економіки,AL-007,0
Середні видатки домогосподарства на рік,Тис.грн.,1,Департамент економіки,AL-008,0
Середні видатки домогосподарства на рік на ПЕР,Тис.грн.,1,Департамент економіки,AL-009,0
Мешканців,осіб,0,Департамент економіки,AL-010,0
Обсяг інвестицій в громаді,млн.грн.,1,Департамент економіки,AL-011,0
Мешканців в приватному секторі,осіб,0,Департамент економіки,AL-012,0
Мешканців в багатоквартирних будинках,осіб,0,Департамент економіки,AL-013,0
Інвестицій в громаду,млн.грн.,1,Департамент економіки,AL-014,0
Безробітних,осіб,0,Департамент економіки,AL-015,0
Середня заробітна плата в країні,грн.,1,Департамент економіки,AL-016,0
Середня заробітна плата в області,грн.,1,Департамент економіки,AL-017,0
Середній дохід домогосподарства на рік,тис.грн.,1,Департамент економіки,AL-018,0
Фізичних осіб-підприємців,Осіб,0,Департамент підприємництва,AM-001,0
Скарг на екологічну ситуацію,Од.,0,Відділ екології,AN-001,0
Скарг на спалювання рослинних залишків та рослинності,Од.,0,Відділ екології,AN-002,0
Скарг на порушення щодо поводження із тваринними відходами,Од.,0,Відділ екології,AN-003,0
Скарг на шумове забруднення,Од.,0,Відділ екології,AN-004,0
Скарг на світлове забруднення,Од.,0,Відділ екології,AN-005,0
Скарг на інші забруднення,Од.,0,Відділ екології,AN-006,0
Шкідливих викидів від промисловості за рік,Тонн,1,Відділ екології,AN-007,0
Середньорічна якість атмосферного повітря,Од.,0,Відділ екології,AN-008,0
Площа зелених насаджень,Км2,1,Відділ екології,AN-009,0
Площа відновлених та висаджених зелених насаджень за рік,Км2,1,Відділ екології,AN-010,0
"Площа масових насаджень дерев (парки, сквери, лісопарки, ліси, тощо)",Км2,1,Відділ екології,AN-011,0
"Площа іншого озеленення (поодинокі дерева, кущі вздовж вулиць, газони, поля, луги тощо (без врахування с/г угідь))",Км2,1,Відділ екології,AN-012,0
Протяжність облагороджених берегів водойм,Км,1,Відділ екології,AN-013,0
Площа непорушених прибережних захисних смуг,Км2,1,Відділ екології,AN-014,0
Безпритульних тварин в притулках,Од.,0,Відділ екології,AN-015,0
Чіпованих безпритульних тварин,Од.,0,Відділ екології,AN-016,0
Бродячих тварин,Од.,0,Відділ екології,AN-017,0
Нападів бродячих тварин,Од.,0,Відділ екології,AN-018,0
Площі стихійних сміттєзвалищ,Км2,1,Відділ екології,AN-019,0
Протяжність берегової смуги,км,1,Відділ екології,AN-020,0
Площа прибережних захисних смуг,км2,1,Відділ екології,AN-021,0
Учнів шкіл,Осіб,0,Управління освіти,AO-001,0
Студентів,Осіб,0,Управління освіти,AO-002,0
Дітей в ДНЗ,Осіб,0,Управління освіти,AO-003,0
Дітей дошкільного віку на черзі в потрапляння ДНЗ,Осіб,0,Управління освіти,AO-004,0
Спожито енергії в дошкільних навчальних закладах,МВт.год.,1,Управління освіти,AO-005,0
Спожито енергії в загальноосвітніх та позашкільних навчальних закладах,МВт.год.,1,Управління освіти,AO-006,0
Місць в ДНЗ,осіб,0,Управління освіти,AO-007,0
Перебуває осіб в дошкільних навчальних закладах протягом дня,осіб,0,Управління освіти,AO-008,0
Перебуває осіб в загальноосвітніх та позашкільні навчальних закладах протягом дня,осіб,0,Управління освіти,AO-009,0
"Звернень із хворобами, спричиненими екологією",Осіб,0,УОЗ,AP-001,0
Спожито енергії в закладах охорони здоров'я,МВт.год.,1,УОЗ,AP-002,0
Смертей,осіб,0,УОЗ,AP-003,0
Звернень із хворобами,осіб,0,УОЗ,AP-004,0
Перебуває осіб в закладах охорони здоров'я протягом дня,осіб,0,УОЗ,AP-005,0
Спожито енергії в дошкільних навчальних закладах,МВт.год.,1,Профільні департаменти,AQ-001,0
Спожито енергії в загальноосвітніх та позашкільних навчальних закладах,МВт.год.,1,Профільні департаменти,AQ-002,0
Спожито енергії в закладах охорони здоров'я,МВт.год.,1,Профільні департаменти,AQ-003,0
Спожито енергії в закладах культури,МВт.год.,1,Профільні департаменти,AQ-004,0
Спожито енергії в спортивних закладах,МВт.год.,1,Профільні департаменти,AQ-005,0
Спожито енергії в адміністративних та інших закладах,МВт.год.,1,Профільні департаменти,AQ-006,0
Перебуває осіб в дошкільних навчальних закладах протягом дня,осіб,0,Профільні департаменти,AQ-007,0
Перебуває осіб в загальноосвітніх та позашкільні навчальних закладах протягом дня,осіб,0,Профільні департаменти,AQ-008,0
Перебуває осіб в закладах охорони здоров'я протягом дня,осіб,0,Профільні департаменти,AQ-009,0
Перебуває осіб в закладах культури протягом дня,осіб,0,Профільні департаменти,AQ-010,0
Перебуває осіб в спортивних закладах протягом дня,осіб,0,Профільні департаменти,AQ-011,0
Перебуває осіб в адміністративних закладах протягом дня,осіб,0,Профільні департаменти,AQ-012,0
"Малих архітектурних форм, літніх майданчиків та інших перешкод на хідниках та інших місцях пішохідного і вело руху",Од.,0,Управління містобудування й архітектури,AR-001,0
Малих архітектурних форм,Од.,0,Управління містобудування й архітектури,AR-002,0
"Місць для сидіння на вуличних меблях, парклетах, тощо",Од.,0,Управління містобудування й архітектури,AR-003,0
"Протяжність освітлених доріг, проспектів та вулиць",Км.,1,Управління містобудування й архітектури,AR-004,0
Пішохідних переходів,Од.,0,Управління містобудування й архітектури,AR-005,0
Освітлених пішохідних переходів,Од.,0,Управління містобудування й архітектури,AR-006,0
Піднятих пішохідних переходів,Од.,0,Управління містобудування й архітектури,AR-007,0
Пішохідних переходів із заниженими бордюрами,Од.,0,Управління містобудування й архітектури,AR-008,0
Пішохідних переходів із тактильною плиткою,Од.,0,Управління містобудування й архітектури,AR-009,0
Інших пішохідних переходів,Од.,0,Управління містобудування й архітектури,AR-010,0
Протяжність пішохідних вулиць,Км.,1,Управління містобудування й архітектури,AR-011,0
"Протяжність пішохідних доріжок, хідників, тощо",Км.,1,Управління містобудування й архітектури,AR-012,0
"Протяжність транспортної та пішохідної інфраструктури, пошкодженої або тимчасово недоступної через погодні умови",Км.,1,Управління містобудування й архітектури,AR-013,0
"Протяжність доріг, проспектів та вулиць, забезпечених громадським транспортом",Км.,1,Управління містобудування й архітектури,AR-014,0
Велодоріжок,Км.,1,Управління містобудування й архітектури,AR-015,0
Територія громади,км2,1,Управління містобудування й архітектури,AR-016,0
"Протяжність доріг, проспектів та вулиць",км.,1,Управління містобудування й архітектури,AR-017,0
Протяжність транспортної та пішохідної інфраструктури,км.,1,Управління містобудування й архітектури,AR-018,0
Перетинів велодоріжок із проїжджою частиною,од.,0,Управління містобудування й архітектури,AR-019,0
Освітлених пішохідних переходів,Од.,0,УКБ,AS-001,0
Піднятих пішохідних переходів,Од.,0,УКБ,AS-002,0
Пішохідних переходів із заниженими бордюрами,Од.,0,УКБ,AS-003,0
Пішохідних переходів із тактильною плиткою,Од.,0,УКБ,AS-004,0
Інших пішохідних переходів,Од.,0,УКБ,AS-005,0
Пішохідних переходів,од.,0,УКБ,AS-006,0
Перетинів велодоріжок із проїжджою частиною,од.,0,УКБ,AS-007,0
"Пошкоджених домогосподарств внаслідок зсувів, просідання грунту, тощо",Од.,0,УЖГ,AT-001,0
Домогосподарств,Од.,0,УЖГ,AT-002,0
Домогосподарств в приватному секторі,Од.,0,УЖГ,AT-003,0
Квартир в багатоквартирних будинках,Од.,0,УЖГ,AT-004,0
Мешканців багатоквартирних будинків із централізованим опаленням,Осіб,0,УЖГ,AT-005,0
Мешканців багатоквартирних будинків з індивідуальним опаленням,Осіб,0,УЖГ,AT-006,0
Мешканців приватних будинків,Осіб,0,УЖГ,AT-007,0
Опалювальна площа утеплених багатоквартирних будинків із централізованим опаленням,м2,1,УЖГ,AT-008,0
Опалювальна площа утеплених багатоквартирних будинків з індивідуальним опаленням,м2,1,УЖГ,AT-009,0
Опалювальна площа утеплених приватних будинків,м2,1,УЖГ,AT-010,0
Опалювальна площа будинків з ІТП,м2,1,УЖГ,AT-011,0
Опалювальна площа аварійних багатоквартирних будинків,м2,1,УЖГ,AT-012,0
Опалювальна площа аварійних приватних будинків,м2,1,УЖГ,AT-013,0
Опалювальна площа багатоквартирних будинків з ОСББ,м2,1,УЖГ,AT-014,0
Домогосподарств із електропостачанням,од.,0,УЖГ,AT-015,0
Домогосподарств із теплопостачанням,од.,0,УЖГ,AT-016,0
Домогосподарств із газопостачанням,од.,0,УЖГ,AT-017,0
Домогосподарств із гарячим водопостачанням,од.,0,УЖГ,AT-018,0
Опалювальна площа квартир в багатоквартирних будинках із централізованим опаленням,м2,1,УЖГ,AT-019,0
Опалювальна площа квартир в багатоквартирних будинках з індивідуальним опаленням,м2,1,УЖГ,AT-020,0
Опалювальна площа приватних будинків,м2,1,УЖГ,AT-021,0
Опалювальна площа багатоквартирних будинків із централізованим опаленням,м2,1,УЖГ,AT-022,0
Опалювальна площа багатоквартирних будинків з індивідуальним опаленням,м2,1,УЖГ,AT-023,0
Опалювальна площа приватних будинків,м2,1,УЖГ,AT-024,0
Опалювальна площа багатоквартирних будинків,м2,1,УЖГ,AT-025,0
Площа зелених насаджень,Км2,1,УКГ,AU-001,0
Площа відновлених та висаджених зелених насаджень за рік,Км2,1,УКГ,AU-002,0
"Площа масових насаджень дерев (парки, сквери, лісопарки, ліси, тощо)",Км2,1,УКГ,AU-003,0
"Площа іншого озеленення (поодинокі дерева, кущі вздовж вулиць, газони, поля, луги тощо (без врахування с/г угідь))",Км2,1,УКГ,AU-004,0
Асфальтована та брукована територія,Км2,1,УКГ,AU-005,0
Площа браунфілдів та деградованих земель,Км2,1,УКГ,AU-006,0
"Протяжність освітлених доріг, проспектів та вулиць",Км.,1,УКГ,AU-007,0
Пішохідних переходів,Од.,0,УКГ,AU-008,0
Безпритульних тварин в притулках,Од.,0,УКГ,AU-009,0
Чіпованих безпритульних тварин,Од.,0,УКГ,AU-010,0
Бродячих тварин,Од.,0,УКГ,AU-011,0
Нападів бродячих тварин,Од.,0,УКГ,AU-012,0
Протяжність пішохідних вулиць,Км.,1,УКГ,AU-013,0
"Протяжність пішохідних доріжок, хідників, тощо",Км.,1,УКГ,AU-014,0
"Протяжність транспортної та пішохідної інфраструктури, пошкодженої або тимчасово недоступної через погодні умови",Км.,1,УКГ,AU-015,0
"Протяжність доріг, проспектів та вулиць, забезпечених громадським транспортом",Км.,1,УКГ,AU-016,0
Велодоріжок,Км.,1,УКГ,AU-017,0
"Протяжність доріг, проспектів та вулиць",км.,1,УКГ,AU-018,0
Протяжність транспортної та пішохідної інфраструктури,км.,1,УКГ,AU-019,0
Площа втрачених врожаїв,Га,1,УАПК,AV-001,0
Площа розораних земель та земель с/г призначення,Км2,1,УАПК,AV-002,0
Загальна площа посівів,га,1,УАПК,AV-003,0
Домогосподарств із субсидіями,Од.,0,Департамент соцзахисту,AW-001,0
Домогосподарств із субсидіями в приватному секторі,Од.,0,Департамент соцзахисту,AW-002,0
Квартир із субсидіями в багатоквартирних будинках,Од.,0,Департамент соцзахисту,AW-003,0
Чоловіків працездатного віку,Од.,0,Департамент соцзахисту,AW-004,0
Чоловіків після працездатного віку,Од.,0,Департамент соцзахисту,AW-005,0
Чоловіків до працездатного віку,Од.,0,Департамент соцзахисту,AW-006,0
Жінок працездатного віку,Од.,0,Департамент соцзахисту,AW-007,0
Жінок після працездатного віку,Од.,0,Департамент соцзахисту,AW-008,0
Жінок до працездатного віку,Од.,0,Департамент соцзахисту,AW-009,0
Середня тривалість життя в громаді,Років,1,Департамент соцзахисту,AW-010,0
Середня тривалість життя чоловіків в громаді,Років,1,Департамент соцзахисту,AW-011,0
Середня тривалість життя жінок в громаді,Років,1,Департамент соцзахисту,AW-012,0
Смертей,осіб,0,Департамент соцзахисту,AW-013,0
Чоловіків,осіб,0,Департамент соцзахисту,AW-014,0
Жінок,осіб,0,Департамент соцзахисту,AW-015,0
Середня тривалість життя в країні,років,1,Департамент соцзахисту,AW-016,0
Середня тривалість життя чоловіків в країні,років,1,Департамент соцзахисту,AW-017,0
Середня тривалість життя жінок в країні,років,1,Департамент соцзахисту,AW-018,0
"Домогосподарств, яким надаються послуги поводження із побутовими відходами",Од.,0,КП зі збору відходів,AX-001,0
Утворених побутових відходів,Кг.,1,КП зі збору відходів,AX-002,0
Тариф на поводження з м3 побутових відходів,Грн.,1,КП зі збору відходів,AX-003,0
Використано пального сміттєвозами за рік,МВт.год.,1,КП зі збору відходів,AX-004,0
Відпрацьовано людино-годин на поводження із побутовими відходами за рік,Год.,1,КП зі збору відходів,AX-005,0
"Побутових відходів, сортованих на лініях",Тонн,1,КП зі збору відходів,AX-006,0
Роздільно зібраних побутових відходів,Тонн,1,КП зі збору відходів,AX-007,0
Перероблених побутових відходів,Тонн,1,КП зі збору відходів,AX-008,0
"Органічних відходів, що потрапляють на полігон",Тонн,1,КП зі збору відходів,AX-009,0
"Будівельних відходів, що потрапляють на полігон",Тонн,1,КП зі збору відходів,AX-010,0
Енергії від спалювання сміття,МВт.год.,1,КП зі збору відходів,AX-011,0
Потужність встановленої енергетичної установки для використання полігонного газу,МВт.,1,КП зі збору відходів,AX-012,0
Видобуто полігонного газу для енергетичних потреб,Тис.м3,1,КП зі збору відходів,AX-013,0
Вироблено теплової енергії із полігонного газу,МВт.год.,1,КП зі збору відходів,AX-014,0
Вироблено електроенергії із полігонного газу,МВт.год.,1,КП зі збору відходів,AX-015,0
Реалізовано електроенергії із полігонного газу за зеленим тарифом,МВт.год.,1,КП зі збору відходів,AX-016,0
Площі стихійних сміттєзвалищ,Км2,1,КП зі збору відходів,AX-017,0
Обсяг захоронених відходів за рік,тонн,1,КП зі збору відходів,AX-018,0
Всього побутових відходів за рік,тонн,1,КП зі збору відходів,AX-019,0
Обсяг захоронених відходів,тонн,1,КП зі збору відходів,AX-020,0
Кількість світлодіодних ламп зовнішнього освітлення,Од.,0,Міськсвітло,AY-001,0
"Протяжність освітлених доріг, проспектів та вулиць",Км.,1,Міськсвітло,AY-002,0
Кількість ламп зовнішнього освітлення,од.,0,Міськсвітло,AY-003,0
Скарг на екологічну ситуацію,Од.,0,Гаряча лінія 1580,AZ-001,0
Скарг на спалювання рослинних залишків та рослинності,Од.,0,Гаряча лінія 1580,AZ-002,0
Скарг на порушення щодо поводження із тваринними відходами,Од.,0,Гаряча лінія 1580,AZ-003,0
Скарг на шумове забруднення,Од.,0,Гаряча лінія 1580,AZ-004,0
Скарг на світлове забруднення,Од.,0,Гаряча лінія 1580,AZ-005,0
Скарг на інші забруднення,Од.,0,Гаряча лінія 1580,AZ-006,0
"Камер відеоспостереження, підключених до єдиного диспетчерського центру(-ів)",Од.,0,Гаряча лінія 1580,AZ-007,0
Годин без електропостачання внаслідок аварій,Год.,1,Гаряча лінія 1580,AZ-008,0
Аварій в системі електропостачання,Од.,0,Гаряча лінія 1580,AZ-009,0
Годин без теплопостачання внаслідок аварій,Год.,1,Гаряча лінія 1580,AZ-010,0
Аварій в системі теплопостачання,Од.,0,Гаряча лінія 1580,AZ-011,0
Годин без газопостачання внаслідок аварій,Год.,1,Гаряча лінія 1580,AZ-012,0
Аварій в системі газопостачання,Од.,0,Гаряча лінія 1580,AZ-013,0
Годин без гарячого водопостачання внаслідок аварій,Год.,1,Гаряча лінія 1580,AZ-014,0
Аварій в системі гарячого водопостачання,Од.,0,Гаряча лінія 1580,AZ-015,0
Скарг на спалювання рослинних залишків та рослинності,Од.,0,ДСНС,BA-001,0
Скарг на інші забруднення,Од.,0,ДСНС,BA-002,0
"Пошкоджених домогосподарств внаслідок зсувів, просідання грунту, тощо",Од.,0,ДСНС,BA-003,0
Скарг на порушення щодо поводження із тваринними відходами,Од.,0,Санепідемстанція,BB-001,0
Скарг на інші забруднення,Од.,0,Санепідемстанція,BB-002,0
Фізичних осіб-підприємців,Осіб,0,ДПС,BC-001,0
Юридичних осіб,Осіб,0,ДПС,BC-002,0
"Камер відеоспостереження, підключених до єдиного диспетчерського центру(-ів)",Од.,0,МВС,BD-001,0
Смертей від насильницьких причин,Осіб,0,МВС,BD-002,0
ДТП за участю велосипедистів,Од.,0,МВС,BD-003,0
Загиблих у ДТП велосипедистів,Од.,0,МВС,BD-004,0
Смертей,осіб,0,МВС,BD-005,0
ДТП,од.,0,МВС,BD-006,0
Зареєстрованих автотранспортних засобів,Од.,0,Сервісний центр МВС,BE-001,0
Зареєстрованих бензинових транспортних засобів,Од.,0,Сервісний центр МВС,BE-002,0
Зареєстрованих дизельних транспортних засобів,Од.,0,Сервісний центр МВС,BE-003,0
Зареєстрованих електричних та гібридних транспортних засобів,Од.,0,Сервісний центр МВС,BE-004,0
Зареєстрованих транспортних засобів із ГБО,Од.,0,Сервісний центр МВС,BE-005,0
Зареєстрованих легкових автомобілів,Од.,0,Сервісний центр МВС,BE-006,0
Зареєстрованих вантажних автомобілів,Од.,0,Сервісний центр МВС,BE-007,0
Зареєстрованих автобусів,Од.,0,Сервісний центр МВС,BE-008,0
Зареєстрованих мототранспортних засобів,Од.,0,Сервісний центр МВС,BE-009,0
Зареєстрованих транспортних засобів,од.,0,Сервісний центр МВС,BE-010,0
Транспортних засобів,од.,0,Сервісний центр МВС,BE-011,0
Транспортних засобів із ДВЗ,од.,0,Сервісний центр МВС,BE-012,0
Транспортних засобів із ГБО,од.,0,Сервісний центр МВС,BE-013,0
Використано палива за рік,кВт.год.,1,АЗС,BF-001,0
Використано бензину за рік,кВт.год.,1,АЗС,BF-002,0
Використано дизпалива за рік,кВт.год.,1,АЗС,BF-003,0
Використано автомобільних газів за рік,кВт.год.,1,АЗС,BF-004,0
Використано електроенергії транспортними засобами за рік,кВт.год.,1,АЗС,BF-005,0
Чоловіків працездатного віку,Од.,0,Управління статистики,BG-001,0
Чоловіків після працездатного віку,Од.,0,Управління статистики,BG-002,0
Чоловіків до працездатного віку,Од.,0,Управління статистики,BG-003,0
Жінок працездатного віку,Од.,0,Управління статистики,BG-004,0
Жінок після працездатного віку,Од.,0,Управління статистики,BG-005,0
Жінок до працездатного віку,Од.,0,Управління статистики,BG-006,0
Середня тривалість життя в громаді,Років,1,Управління статистики,BG-007,0
Середня тривалість життя чоловіків в громаді,Років,1,Управління статистики,BG-008,0
Середня тривалість життя жінок в громаді,Років,1,Управління статистики,BG-009,0
Використано палива за рік,кВт.год.,1,Управління статистики,BG-010,0
Використано бензину за рік,кВт.год.,1,Управління статистики,BG-011,0
Використано дизпалива за рік,кВт.год.,1,Управління статистики,BG-012,0
Використано автомобільних газів за рік,кВт.год.,1,Управління статистики,BG-013,0
Використано електроенергії транспортними засобами за рік,кВт.год.,1,Управління статистики,BG-014,0
Чоловіків,осіб,0,Управління статистики,BG-015,0
Жінок,осіб,0,Управління статистики,BG-016,0
Середня тривалість життя в країні,років,1,Управління статистики,BG-017,0
Середня тривалість життя чоловіків в країні,років,1,Управління статистики,BG-018,0
Середня тривалість життя жінок в країні,років,1,Управління статистики,BG-019,0
Інвестиції у ВДЕ,Млн.грн.,1,Інвестори,BH-001,0
Енергії від спалювання сміття,МВт.год.,1,Інвестори,BH-002,0
Потужність встановленої енергетичної установки для використання полігонного газу,МВт.,1,Інвестори,BH-003,0
Видобуто полігонного газу для енергетичних потреб,Тис.м3,1,Інвестори,BH-004,0
Вироблено теплової енергії із полігонного газу,МВт.год.,1,Інвестори,BH-005,0
Вироблено електроенергії із полігонного газу,МВт.год.,1,Інвестори,BH-006,0
Реалізовано електроенергії із полігонного газу за зеленим тарифом,МВт.год.,1,Інвестори,BH-007,0
"Вартість енергоресурсів (опалення та енергопостачання), спожитих в громаді (всі стаціонарні споживачі)",млн.грн.,1,Інвестори,BH-008,0