ВДЕ,Питома частка,"Енергія із ВДЕ, вироблена в громаді / 
Вся енергія (електроенергія та тепло), спожита в громаді",%,1,15,"Енергія із ВДЕ, вироблена в громаді","Вся енергія (електроенергія та тепло), спожита в громаді",AA-01,0,0
ВДЕ,Питома частка,"Електроенергія із ВДЕ, вироблена в громаді (сонячна+вітрова+біомаси+гідро+геотермальна) / 
Вся електроенергія, спожита в громаді",%,1,10,"Електроенергія із ВДЕ, вироблена в громаді (сонячна+вітрова+біомаси+гідро+геотермальна)","Вся електроенергія, спожита в громаді",AA-02,0,0
ВДЕ,Питома частка,"Теплова енергія із ВДЕ, вироблена в громаді (гео-, водо-, геліотермальна+біомаси+біопалива) / 
Вся теплова енергія, спожита в громаді",%,1,5,"Теплова енергія із ВДЕ, вироблена в громаді (гео-, водо-, геліотермальна+біомаси+біопалива)","Вся теплова енергія, спожита в громаді",AA-03,0,0
ВДЕ,Питома частка,"Енергія із ВДЕ, вироблена в громаді / 
Мешканців","кВт.год. / 
осіб",3,10,"Енергія із ВДЕ, вироблена в громаді",Мешканців,AA-04,0,0
ВДЕ,Інвестиції,"Інвестиції у ВДЕ / 
Вартість енергоресурсів (опалення та енергопостачання), спожитих в громаді (всі стаціонарні споживачі)",%,1,10,Інвестиції у ВДЕ,"Вартість енергоресурсів (опалення та енергопостачання), спожитих в громаді (всі стаціонарні споживачі)",AB-01,0,0
ВДЕ,Інвестиції,"Інвестиції у ВДЕ / 
Обсяг інвестицій в громаді",%,1,10,Інвестиції у ВДЕ,Обсяг інвестицій в громаді,AB-02,0,0
Вода,Споживання,"Спожито холодної води населенням / 
Осіб, котрим надається водопостачання","м3 / 
осіб",1,-4,Спожито холодної води населенням,"Осіб, котрим надається водопостачання",BA-01,0,0
Вода,Ефективність,"Реалізовано холодної води підприємствами водопостачання / 
Спожито енергоресурсів підприємствами водопостачання","м3 / 
кВт.год.",1,4,Реалізовано холодної води підприємствами водопостачання,Спожито енергоресурсів підприємствами водопостачання,BB-01,0,0
Вода,Ефективність,"Втрат води в мережах / 
1",%,1,-2,Втрат води в мережах,100%,BB-02,0,1
Вода,Очистка,"Дощових стоків, котрі проходять очистку / 
Дощових стоків за рік",%,1,4,"Дощових стоків, котрі проходять очистку",Дощових стоків за рік,BC-01,0,0
Вода,Очистка,"Каналізаційних стоків, котрі проходять очистку / 
Каналізаційних стоків за рік",%,1,8,"Каналізаційних стоків, котрі проходять очистку",Каналізаційних стоків за рік,BC-02,0,0
Вода,Очистка,"Очищено мулу із каналізаційних стоків / 
Мулу із каналізаційних стоків за рік",%,1,2,Очищено мулу із каналізаційних стоків,Мулу із каналізаційних стоків за рік,BC-03,0,0
Вода,Очистка,"Використано мулу із каналізаційних стоків (удобрення с/г угідь, бродіння, сушіння і спалювання дигестату) / 
Мулу із каналізаційних стоків за рік",%,1,8,"Використано мулу із каналізаційних стоків (удобрення с/г угідь, бродіння, сушіння і спалювання дигестату)",Мулу із каналізаційних стоків за рік,BC-04,0,0
Вода,Енергія,"Вироблено енергії із каналізаційних стоків / 
Каналізаційних стоків за рік","МВт.год. / 
тис.м3",2,10,Вироблено енергії із каналізаційних стоків,Каналізаційних стоків за рік,BD-01,0,0
Вода,Енергія,"Вироблено біогазу із каналізаційних стоків / 
Каналізаційних стоків за рік","м3 / 
тонн",2,20,Вироблено біогазу із каналізаційних стоків,Каналізаційних стоків за рік,BD-02,0,0
Вода,Аварійність,"Годин без холодного водопостачання внаслідок аварій / 
Рік","Од. / 
Рік",1,-1,Годин без холодного водопостачання внаслідок аварій,Рік,BE-01,0,0
Вода,Аварійність,"Аварій в системі холодного водопостачання / 
Рік","Од. / 
Рік",1,"-0,2",Аварій в системі холодного водопостачання,Рік,BE-02,0,0
Вода,Аварійність,"Мереж водопостачання в аварійному стані / 
Мереж водопостачання",%,1,-4,Мереж водопостачання в аварійному стані,Мереж водопостачання,BE-03,0,0
Вода,Аварійність,"Годин без водовідведення та каналізації внаслідок аварій / 
Рік","Од. / 
Рік",1,-1,Годин без водовідведення та каналізації внаслідок аварій,Рік,BE-04,0,0
Вода,Аварійність,"Аварій в системі водовідведення та каналізації / 
Рік","Од. / 
Рік",1,"-0,2",Аварій в системі водовідведення та каналізації,Рік,BE-05,0,0
Вода,Аварійність,"Мереж водовідведення та каналізації в аварійному стані / 
Мереж водовідведення та каналізації",%,1,-4,Мереж водовідведення та каналізації в аварійному стані,Мереж водовідведення та каналізації,BE-06,0,0
Вода,Аварійність,"Підтоплених домогосподарств / 
Домогосподарств","Од. / 
тис.од",3,-200,Підтоплених домогосподарств,Домогосподарств,BE-07,0,0
Вода,Охоплення,"Домогосподарств із централізованим водопостачанням / 
Домогосподарств",%,1,1,Домогосподарств із централізованим водопостачанням,Домогосподарств,BF-01,0,0
Екологія,Скарги,"Скарг на екологічну ситуацію / 
Мешканців","Од. / 
тис.осіб",1,-68,Скарг на екологічну ситуацію,Мешканців,CA-01,0,0
Екологія,Скарги,"Скарг на спалювання рослинних залишків та рослинності / 
Мешканців","Од. / 
тис.осіб",2,-3,Скарг на спалювання рослинних залишків та рослинності,Мешканців,CA-02,0,0
Екологія,Скарги,"Скарг на порушення щодо поводження із тваринними відходами / 
Мешканців","Од. / 
тис.осіб",2,-5,Скарг на порушення щодо поводження із тваринними відходами,Мешканців,CA-03,0,0
Екологія,Скарги,"Скарг на шумове забруднення / 
Мешканців","Од. / 
тис.осіб",2,-20,Скарг на шумове забруднення,Мешканців,CA-04,0,0
Екологія,Скарги,"Скарг на світлове забруднення / 
Мешканців","Од. / 
тис.осіб",2,-20,Скарг на світлове забруднення,Мешканців,CA-05,0,0
Екологія,Скарги,"Скарг на інші забруднення / 
Мешканців","Од. / 
тис.осіб",2,-20,Скарг на інші забруднення,Мешканців,CA-06,0,0
Екологія,Повітря,"Шкідливих викидів від промисловості за рік / 
Мешканців","Тонн / 
осіб",2,-7,Шкідливих викидів від промисловості за рік,Мешканців,CB-01,0,0
Екологія,Повітря,"Викидів СО2 за рік / 
Мешканців","Тонн / 
осіб",2,-4,Викидів СО2 за рік,Мешканців,CB-02,0,0
Екологія,Повітря,"Середньорічна якість атмосферного повітря / 
1","Од. / 
%",1,8,Середньорічна якість атмосферного повітря,100%,CB-03,0,1
Екологія,Грунти,"Пошкоджених домогосподарств внаслідок зсувів, просідання грунту, тощо / 
Домогосподарств","Од. / 
тис.од",3,-500,"Пошкоджених домогосподарств внаслідок зсувів, просідання грунту, тощо",Домогосподарств,CC-01,0,0
Екологія,Грунти,"Площа втрачених врожаїв / 
Загальна площа посівів",%,1,-10,Площа втрачених врожаїв,Загальна площа посівів,CC-02,0,0
Територія,Озеленення,"Площа зелених насаджень / 
Мешканців","Км2 / 
млн.осіб",2,10,Площа зелених насаджень,Мешканців,DA-01,0,0
Територія,Озеленення,"Площа відновлених та висаджених зелених насаджень за рік / 
Площа зелених насаджень",%,2,20,Площа відновлених та висаджених зелених насаджень за рік,Площа зелених насаджень,DA-02,0,0
Територія,Озеленення,"Площа зелених насаджень / 
Територія громади",%,2,10,Площа зелених насаджень,Територія громади,DA-03,0,0
Територія,Озеленення,"Площа масових насаджень дерев (парки, сквери, лісопарки, ліси, тощо) / 
Територія громади",%,2,7,"Площа масових насаджень дерев (парки, сквери, лісопарки, ліси, тощо)",Територія громади,DA-04,0,0
Територія,Озеленення,"Площа іншого озеленення (поодинокі дерева, кущі вздовж вулиць, газони, поля, луги тощо (без врахування с/г угідь)) / 
Територія громади",%,2,3,"Площа іншого озеленення (поодинокі дерева, кущі вздовж вулиць, газони, поля, луги тощо (без врахування с/г угідь))",Територія громади,DA-05,0,0
Територія,Площа,"Асфальтована та брукована територія / 
Територія громади",%,2,2,Асфальтована та брукована територія,Територія громади,DB-01,0,0
Територія,Площа,"Площа браунфілдів та деградованих земель / 
Територія громади",%,2,-5,Площа браунфілдів та деградованих земель,Територія громади,DB-02,0,0
Територія,Площа,"Площа розораних земель та земель с/г призначення / 
Територія громади",%,2,2,Площа розораних земель та земель с/г призначення,Територія громади,DB-03,0,0
Територія,Водойми,"Протяжність облагороджених берегів водойм / 
Протяжність берегової смуги",%,2,10,Протяжність облагороджених берегів водойм,Протяжність берегової смуги,DC-01,0,0
Територія,Водойми,"Площа непорушених прибережних захисних смуг / 
Площа прибережних захисних смуг",%,2,9,Площа непорушених прибережних захисних смуг,Площа прибережних захисних смуг,DC-02,0,0
Територія,Урбаністика,"Малих архітектурних форм, літніх майданчиків та інших перешкод на хідниках та інших місцях пішохідного і вело руху / 
Мешканців","Од. / 
тис.осіб",2,-10,"Малих архітектурних форм, літніх майданчиків та інших перешкод на хідниках та інших місцях пішохідного і вело руху",Мешканців,DD-01,0,0
Територія,Урбаністика,"Малих архітектурних форм / 
Мешканців","Од. / 
тис.осіб",1,-1,Малих архітектурних форм,Мешканців,DD-02,0,0
Територія,Урбаністика,"Місць для сидіння на вуличних меблях, парклетах, тощо / 
Мешканців","Од. / 
тис.осіб",1,2,"Місць для сидіння на вуличних меблях, парклетах, тощо",Мешканців,DD-03,0,0
Територія,Урбаністика,"Сміттєвих урн / 
Мешканців","Од. / 
тис.осіб",1,3,Сміттєвих урн,Мешканців,DD-04,0,0
Територія,Урбаністика,"Кількість світлодіодних ламп зовнішнього освітлення / 
Кількість ламп зовнішнього освітлення",%,1,3,Кількість світлодіодних ламп зовнішнього освітлення,Кількість ламп зовнішнього освітлення,DD-05,0,0
Територія,Урбаністика,"Протяжність освітлених доріг, проспектів та вулиць / 
Протяжність доріг, проспектів та вулиць",%,1,4,"Протяжність освітлених доріг, проспектів та вулиць","Протяжність доріг, проспектів та вулиць",DD-06,0,0
Територія,Урбаністика,"Пішохідних переходів / 
Протяжність доріг, проспектів та вулиць","Од. / 
км.",2,10,Пішохідних переходів,"Протяжність доріг, проспектів та вулиць",DD-07,0,0
Територія,Урбаністика,"Освітлених пішохідних переходів / 
Пішохідних переходів",%,1,5,Освітлених пішохідних переходів,Пішохідних переходів,DD-08,0,0
Територія,Урбаністика,"Піднятих пішохідних переходів / 
Пішохідних переходів",%,1,8,Піднятих пішохідних переходів,Пішохідних переходів,DD-09,0,0
Територія,Урбаністика,"Пішохідних переходів із заниженими бордюрами / 
Пішохідних переходів",%,1,6,Пішохідних переходів із заниженими бордюрами,Пішохідних переходів,DD-10,0,0
Територія,Урбаністика,"Пішохідних переходів із тактильною плиткою / 
Пішохідних переходів",%,1,7,Пішохідних переходів із тактильною плиткою,Пішохідних переходів,DD-11,0,0
Територія,Урбаністика,"Інших пішохідних переходів / 
Пішохідних переходів",%,1,2,Інших пішохідних переходів,Пішохідних переходів,DD-12,0,0
Територія,Бродячі тварини,"Безпритульних тварин в притулках / 
Мешканців","Од. / 
тис.осіб",2,-50,Безпритульних тварин в притулках,Мешканців,DE-01,0,0
Територія,Бродячі тварини,"Чіпованих безпритульних тварин / 
Мешканців","Од. / 
тис.осіб",2,20,Чіпованих безпритульних тварин,Мешканців,DE-02,0,0
Територія,Бродячі тварини,"Бродячих тварин / 
Мешканців","Од. / 
тис.осіб",2,-10,Бродячих тварин,Мешканців,DE-03,0,0
Територія,Бродячі тварини,"Нападів бродячих тварин / 
Мешканців","Од. / 
тис.осіб",2,-10,Нападів бродячих тварин,Мешканців,DE-04,0,0
Управління громадою,Міжнародна активність,"Участь у міжнародних та національних ініціативах та організаціях в сфері сталого розвитку та енергоефективності / 
Мешканців","Од. / 
тис.осіб",3,200,Участь у міжнародних та національних ініціативах та організаціях в сфері сталого розвитку та енергоефективності,Мешканців,EA-01,0,0
Управління громадою,Міжнародна активність,"Залучених із МФО грантових та кредитних коштів у сталий розвиток та енергоефективність / 
Дохідна частина бюджету",%,2,200,Залучених із МФО грантових та кредитних коштів у сталий розвиток та енергоефективність,Дохідна частина бюджету,EA-02,0,0
Управління громадою,Енергоменеджмент,"Осіб, задіяних в енергоменеджменті в громаді та пов'язаних підприємствах, установах та організаціях / 
Бюджетних установ","Осіб / 
Од.",2,100,"Осіб, задіяних в енергоменеджменті в громаді та пов'язаних підприємствах, установах та організаціях",Бюджетних установ,EB-01,0,0
Управління громадою,Енергоменеджмент,"Бюджетних установ, охоплених щоденним або що два дні енергомоніторингом / 
Бюджетних установ",%,1,5,"Бюджетних установ, охоплених щоденним або що два дні енергомоніторингом",Бюджетних установ,EB-02,0,0
Управління громадою,Енергоменеджмент,"Коштів на мотивацію енергоменеджерів та установ / 
Видатки на ПЕР в бюджетних установах",%,2,800,Коштів на мотивацію енергоменеджерів та установ,Видатки на ПЕР в бюджетних установах,EB-03,0,0
Управління громадою,Енергоменеджмент,"Енергоаудитів будівель бюджетних установ щонайменше 2-річної давності / 
Будівель бюджетних установ, в котрих доцільно проводити",%,2,50,Енергоаудитів будівель бюджетних установ щонайменше 2-річної давності,"Будівель бюджетних установ, в котрих доцільно проводити",EB-04,0,0
Управління громадою,Енергоменеджмент,"Представників структурних підрозділів в ОМС, залучених до планування та роботи над сталим розвитком / 
Структурних підрозділів в ОМС",%,1,20,"Представників структурних підрозділів в ОМС, залучених до планування та роботи над сталим розвитком",Структурних підрозділів в ОМС,EB-05,0,0
Управління громадою,Енергоменеджмент,"Зустрічей із громадськістю та публічних обговорень щодо теми сталого розвитку та енергоефективності / 
Рік","Од. / 
Рік",1,50,Зустрічей із громадськістю та публічних обговорень щодо теми сталого розвитку та енергоефективності,Рік,EB-06,0,0
Управління громадою,Безпека,"Камер відеоспостереження, підключених до єдиного диспетчерського центру(-ів) / 
Мешканців","Од. / 
тис.осіб",2,50,"Камер відеоспостереження, підключених до єдиного диспетчерського центру(-ів)",Мешканців,EC-01,0,0
Управління громадою,Безпека,"Смертей від насильницьких причин / 
Смертей",%,1,-100,Смертей від насильницьких причин,Смертей,EC-02,0,0
Населення,Структура,"Домогосподарств / 
Мешканців","Од. / 
осіб",3,10,Домогосподарств,Мешканців,FA-01,0,0
Населення,Структура,"Домогосподарств в приватному секторі / 
Мешканців в приватному секторі","Од. / 
осіб",3,10,Домогосподарств в приватному секторі,Мешканців в приватному секторі,FA-02,0,0
Населення,Структура,"Квартир в багатоквартирних будинках / 
Мешканців в багатоквартирних будинках","Од. / 
осіб",3,10,Квартир в багатоквартирних будинках,Мешканців в багатоквартирних будинках,FA-03,0,0
Населення,Дотаційність,"Домогосподарств із субсидіями / 
Домогосподарств",%,1,-1,Домогосподарств із субсидіями,Домогосподарств,FB-01,0,0
Населення,Дотаційність,"Домогосподарств із субсидіями в приватному секторі / 
Домогосподарств в приватному секторі",%,1,-1,Домогосподарств із субсидіями в приватному секторі,Домогосподарств в приватному секторі,FB-02,0,0
Населення,Дотаційність,"Квартир із субсидіями в багатоквартирних будинках / 
Квартир в багатоквартирних будинках",%,1,-1,Квартир із субсидіями в багатоквартирних будинках,Квартир в багатоквартирних будинках,FB-03,0,0
Населення,Вік,"Чоловіків працездатного віку / 
Чоловіків",%,1,1,Чоловіків працездатного віку,Чоловіків,FC-01,0,0
Населення,Вік,"Чоловіків після працездатного віку / 
Чоловіків",%,1,1,Чоловіків після працездатного віку,Чоловіків,FC-02,0,0
Населення,Вік,"Чоловіків до працездатного віку / 
Чоловіків",%,1,1,Чоловіків до працездатного віку,Чоловіків,FC-03,0,0
Населення,Вік,"Жінок працездатного віку / 
Жінок",%,1,1,Жінок працездатного віку,Жінок,FC-04,0,0
Населення,Вік,"Жінок після працездатного віку / 
Жінок",%,1,1,Жінок після працездатного віку,Жінок,FC-05,0,0
Населення,Вік,"Жінок до працездатного віку / 
Жінок",%,1,1,Жінок до працездатного віку,Жінок,FC-06,0,0
Населення,Здоров'я,"Середня тривалість життя в громаді / 
Середня тривалість життя в країні",%,1,3,Середня тривалість життя в громаді,Середня тривалість життя в країні,FD-01,0,0
Населення,Здоров'я,"Середня тривалість життя чоловіків в громаді / 
Середня тривалість життя чоловіків в країні",%,1,3,Середня тривалість життя чоловіків в громаді,Середня тривалість життя чоловіків в країні,FD-02,0,0
Населення,Здоров'я,"Середня тривалість життя жінок в громаді / 
Середня тривалість життя жінок в країні",%,1,3,Середня тривалість життя жінок в громаді,Середня тривалість життя жінок в країні,FD-03,0,0
Населення,Здоров'я,"Звернень із хворобами, спричиненими екологією / 
Звернень із хворобами",%,1,30,"Звернень із хворобами, спричиненими екологією",Звернень із хворобами,FD-04,0,0
Населення,Освіта,"Учнів шкіл / 
Мешканців",%,1,3,Учнів шкіл,Мешканців,FE-01,0,0
Населення,Освіта,"Студентів / 
Мешканців",%,1,5,Студентів,Мешканців,FE-02,0,0
Населення,Освіта,"Дітей в ДНЗ / 
Мешканців",%,1,3,Дітей в ДНЗ,Мешканців,FE-03,0,0
Населення,Освіта,"Дітей дошкільного віку на черзі в потрапляння ДНЗ / 
Місць в ДНЗ","Осіб / 
осіб",2,-100,Дітей дошкільного віку на черзі в потрапляння ДНЗ,Місць в ДНЗ,FE-04,0,0
Транспорт,Кількість ТЗ,"Зареєстрованих автотранспортних засобів / 
Мешканців","Од. / 
тис.осіб",1,-1,Зареєстрованих автотранспортних засобів,Мешканців,GA-01,0,0
Транспорт,Кількість ТЗ,"Зареєстрованих бензинових транспортних засобів / 
Зареєстрованих транспортних засобів",%,1,1,Зареєстрованих бензинових транспортних засобів,Зареєстрованих транспортних засобів,GA-02,0,0
Транспорт,Кількість ТЗ,"Зареєстрованих дизельних транспортних засобів / 
Зареєстрованих транспортних засобів",%,1,-1,Зареєстрованих дизельних транспортних засобів,Зареєстрованих транспортних засобів,GA-03,0,0
Транспорт,Кількість ТЗ,"Зареєстрованих електричних та гібридних транспортних засобів / 
Зареєстрованих транспортних засобів",%,2,200,Зареєстрованих електричних та гібридних транспортних засобів,Зареєстрованих транспортних засобів,GA-04,0,0
Транспорт,Кількість ТЗ,"Зареєстрованих транспортних засобів із ГБО / 
Зареєстрованих транспортних засобів",%,1,3,Зареєстрованих транспортних засобів із ГБО,Зареєстрованих транспортних засобів,GA-05,0,0
Транспорт,Кількість ТЗ,"Зареєстрованих легкових автомобілів / 
Зареєстрованих транспортних засобів",%,1,1,Зареєстрованих легкових автомобілів,Зареєстрованих транспортних засобів,GA-06,0,0
Транспорт,Кількість ТЗ,"Зареєстрованих вантажних автомобілів / 
Зареєстрованих транспортних засобів",%,1,1,Зареєстрованих вантажних автомобілів,Зареєстрованих транспортних засобів,GA-07,0,0
Транспорт,Кількість ТЗ,"Зареєстрованих автобусів / 
Зареєстрованих транспортних засобів",%,1,20,Зареєстрованих автобусів,Зареєстрованих транспортних засобів,GA-08,0,0
Транспорт,Кількість ТЗ,"Зареєстрованих мототранспортних засобів / 
Зареєстрованих транспортних засобів",%,1,1,Зареєстрованих мототранспортних засобів,Зареєстрованих транспортних засобів,GA-09,0,0
Транспорт,Споживання,"Використано палива за рік / 
Мешканців","кВт.год. / 
осіб",1,"-0,01",Використано палива за рік,Мешканців,GB-01,0,0
Транспорт,Споживання,"Використано бензину за рік / 
Мешканців","кВт.год. / 
осіб",1,1,Використано бензину за рік,Мешканців,GB-02,0,0
Транспорт,Споживання,"Використано дизпалива за рік / 
Мешканців","кВт.год. / 
осіб",1,-1,Використано дизпалива за рік,Мешканців,GB-03,0,0
Транспорт,Споживання,"Використано автомобільних газів за рік / 
Мешканців","кВт.год. / 
осіб",1,2,Використано автомобільних газів за рік,Мешканців,GB-04,0,0
Транспорт,Споживання,"Використано електроенергії транспортними засобами за рік / 
Мешканців","кВт.год. / 
осіб",1,10,Використано електроенергії транспортними засобами за рік,Мешканців,GB-05,0,0
Транспорт,Інфраструктура,"Кількість заправних та зарядних станцій / 
Транспортних засобів",%,2,1,Кількість заправних та зарядних станцій,Транспортних засобів,GC-01,0,0
Транспорт,Інфраструктура,"Кількість АЗС / 
Транспортних засобів із ДВЗ",%,2,1,Кількість АЗС,Транспортних засобів із ДВЗ,GC-02,0,0
Транспорт,Інфраструктура,"Кількість АГНКС / 
Транспортних засобів із ГБО",%,2,2,Кількість АГНКС,Транспортних засобів із ГБО,GC-03,0,0
Транспорт,Інфраструктура,"Кількість зарядних станцій для авто / 
Електромобілів",%,2,10,Кількість зарядних станцій для авто,Електромобілів,GC-04,0,0
Транспорт,Інфраструктура,"Кількість паркомісць (ознакованих, обладнаних, тощо) / 
Транспортних засобів",%,2,100,"Кількість паркомісць (ознакованих, обладнаних, тощо)",Транспортних засобів,GC-05,0,0
Транспорт,Інфраструктура,"Протяжність пішохідних вулиць / 
Протяжність доріг, проспектів та вулиць",%,2,200,Протяжність пішохідних вулиць,"Протяжність доріг, проспектів та вулиць",GC-06,0,0
Транспорт,Інфраструктура,"Протяжність пішохідних доріжок, хідників, тощо / 
Протяжність доріг, проспектів та вулиць",%,1,3,"Протяжність пішохідних доріжок, хідників, тощо","Протяжність доріг, проспектів та вулиць",GC-07,0,0
Транспорт,Інфраструктура,"Протяжність транспортної та пішохідної інфраструктури, пошкодженої або тимчасово недоступної через погодні умови / 
Протяжність транспортної та пішохідної інфраструктури",%,2,-800,"Протяжність транспортної та пішохідної інфраструктури, пошкодженої або тимчасово недоступної через погодні умови",Протяжність транспортної та пішохідної інфраструктури,GC-08,0,0
Транспорт,Громадський транспорт,"Пасажиро-кілометрів, виконаних громадським транспортом за рік / 
Мешканців","Пас.км. / 
осіб",1,3,"Пасажиро-кілометрів, виконаних громадським транспортом за рік",Мешканців,GD-01,0,0
Транспорт,Громадський транспорт,"Пасажиро-кілометрів, виконаних електричним громадським транспортом за рік / 
Пасажиро-кілометрів, виконаних усім громадським транспортом за рік",%,1,4,"Пасажиро-кілометрів, виконаних електричним громадським транспортом за рік","Пасажиро-кілометрів, виконаних усім громадським транспортом за рік",GD-02,0,0
Транспорт,Громадський транспорт,"Пасажиро-кілометрів, виконаних неелектричним громадським транспортом за рік / 
Пасажиро-кілометрів, виконаних усім громадським транспортом за рік",%,1,2,"Пасажиро-кілометрів, виконаних неелектричним громадським транспортом за рік","Пасажиро-кілометрів, виконаних усім громадським транспортом за рік",GD-03,0,0
Транспорт,Громадський транспорт,"Пасажиромісць в громадському транспорті із можливістю безготівкової оплати / 
Пасажиромісць в громадському транспорті",%,1,10,Пасажиромісць в громадському транспорті із можливістю безготівкової оплати,Пасажиромісць в громадському транспорті,GD-04,0,0
Транспорт,Громадський транспорт,"Протяжність доріг, проспектів та вулиць, забезпечених громадським транспортом / 
Протяжність доріг, проспектів та вулиць",%,1,10,"Протяжність доріг, проспектів та вулиць, забезпечених громадським транспортом","Протяжність доріг, проспектів та вулиць",GD-05,0,0
Транспорт,Громадський транспорт,"Середньозважена вартість разового проїзду громадським транспортом / 
Неоподатковуваний мінімум доходів громадян",%,1,-10,Середньозважена вартість разового проїзду громадським транспортом,Неоподатковуваний мінімум доходів громадян,GD-06,0,0
Транспорт,Велосектор,"Велодоріжок / 
Протяжність доріг, проспектів та вулиць",%,1,100,Велодоріжок,"Протяжність доріг, проспектів та вулиць",GE-01,0,0
Транспорт,Велосектор,"Велопаркомісць / 
Мешканців","Од. / 
тис.осіб",1,10,Велопаркомісць,Мешканців,GE-02,0,0
Транспорт,Велосектор,"Активних користувачів транспорту без ДВС (окрім електромобілів) / 
Мешканців",%,1,100,Активних користувачів транспорту без ДВС (окрім електромобілів),Мешканців,GE-03,0,0
Транспорт,Велосектор,"Транспорту без ДВС (окрім електромобілів), котрий здається напрокат / 
Мешканців","Од. / 
тис.осіб",1,5,"Транспорту без ДВС (окрім електромобілів), котрий здається напрокат",Мешканців,GE-04,0,0
Транспорт,Велосектор,"Обладнаних ""велопереїздів"" / 
Перетинів велодоріжок із проїжджою частиною",%,2,20,"Обладнаних ""велопереїздів""",Перетинів велодоріжок із проїжджою частиною,GE-05,0,0
Транспорт,Велосектор,"ДТП за участю велосипедистів / 
ДТП",%,2,-500,ДТП за участю велосипедистів,ДТП,GE-06,0,0
Транспорт,Велосектор,"Загиблих у ДТП велосипедистів / 
ДТП за участю велосипедистів",%,2,-900,Загиблих у ДТП велосипедистів,ДТП за участю велосипедистів,GE-07,0,0
Відходи,Охоплення,"Домогосподарств, яким надаються послуги поводження із побутовими відходами / 
Домогосподарств",%,1,10,"Домогосподарств, яким надаються послуги поводження із побутовими відходами",Домогосподарств,HA-01,0,0
Відходи,Охоплення,"Утворених побутових відходів / 
Мешканців","Кг. / 
осіб",1,-2,Утворених побутових відходів,Мешканців,HA-02,0,0
Відходи,Економіка,"Тариф на поводження з м3 побутових відходів / 
м3 побутових відходів","Грн. / 
м3",2,-5,Тариф на поводження з м3 побутових відходів,м3 побутових відходів,HB-01,0,1
Відходи,Економіка,"Використано пального сміттєвозами за рік / 
Обсяг захоронених відходів за рік","МВт.год. / 
тонн",2,-10,Використано пального сміттєвозами за рік,Обсяг захоронених відходів за рік,HB-02,0,0
Відходи,Економіка,"Відпрацьовано людино-годин на поводження із побутовими відходами за рік / 
Обсяг захоронених відходів за рік","Год. / 
тонн",1,-5,Відпрацьовано людино-годин на поводження із побутовими відходами за рік,Обсяг захоронених відходів за рік,HB-03,0,0
Відходи,Сортування й переробка,"Побутових відходів, сортованих на лініях / 
Всього побутових відходів за рік",%,1,10,"Побутових відходів, сортованих на лініях",Всього побутових відходів за рік,HC-01,0,0
Відходи,Сортування й переробка,"Роздільно зібраних побутових відходів / 
Всього побутових відходів за рік",%,1,20,Роздільно зібраних побутових відходів,Всього побутових відходів за рік,HC-02,0,0
Відходи,Сортування й переробка,"Перероблених побутових відходів / 
Всього побутових відходів за рік",%,1,50,Перероблених побутових відходів,Всього побутових відходів за рік,HC-03,0,0
Відходи,Морфологія,"Органічних відходів, що потрапляють на полігон / 
Всього побутових відходів за рік",%,1,-10,"Органічних відходів, що потрапляють на полігон",Всього побутових відходів за рік,HD-01,0,0
Відходи,Морфологія,"Будівельних відходів, що потрапляють на полігон / 
Всього побутових відходів за рік",%,1,-5,"Будівельних відходів, що потрапляють на полігон",Всього побутових відходів за рік,HD-02,0,0
Відходи,Енергія з відходів,"Енергії від спалювання сміття / 
Всього побутових відходів за рік","МВт.год. / 
тонн",2,300,Енергії від спалювання сміття,Всього побутових відходів за рік,HE-01,0,0
Відходи,Енергія з відходів,"Потужність встановленої енергетичної установки для використання полігонного газу / 
Обсяг захоронених відходів","МВт. / 
тонн",2,100,Потужність встановленої енергетичної установки для використання полігонного газу,Обсяг захоронених відходів,HE-02,0,0
Відходи,Енергія з відходів,"Видобуто полігонного газу для енергетичних потреб / 
Обсяг захоронених відходів","Тис.м3 / 
тонн",3,800,Видобуто полігонного газу для енергетичних потреб,Обсяг захоронених відходів,HE-03,0,0
Відходи,Енергія з відходів,"Вироблено теплової енергії із полігонного газу / 
Обсяг захоронених відходів","МВт.год. / 
тонн",3,20,Вироблено теплової енергії із полігонного газу,Обсяг захоронених відходів,HE-04,0,0
Відходи,Енергія з відходів,"Вироблено електроенергії із полігонного газу / 
Обсяг захоронених відходів","МВт.год. / 
тонн",3,100,Вироблено електроенергії із полігонного газу,Обсяг захоронених відходів,HE-05,0,0
Відходи,Енергія з відходів,"Реалізовано електроенергії із полігонного газу за зеленим тарифом / 
Обсяг захоронених відходів","МВт.год. / 
тонн",3,20,Реалізовано електроенергії із полігонного газу за зеленим тарифом,Обсяг захоронених відходів,HE-06,0,0
Відходи,Стихійні звалища,"Площі стихійних сміттєзвалищ / 
Мешканців","Км2 / 
тис.осіб",3,-900,Площі стихійних сміттєзвалищ,Мешканців,HF-01,0,0
Енергія,Споживання,"Вся енергія, спожита в громаді / 
Опалювальна площа будівель","кВт.год. / 
м2",1,"-0,1","Вся енергія, спожита в громаді",Опалювальна площа будівель,IA-01,0,0
Енергія,Споживання,"Вся енергія, спожита в громаді / 
Домогосподарств","кВт.год. / 
од.",1,"-0,01","Вся енергія, спожита в громаді",Домогосподарств,IA-02,0,0
Енергія,Ефективність,"Реалізовано теплової енергії теплопостачальними підприємствами на опалення та ГВП / 
Спожито енергоресурсів теплопостачальними підприємствами та підприємствами ГВП",%,1,4,Реалізовано теплової енергії теплопостачальними підприємствами на опалення та ГВП,Спожито енергоресурсів теплопостачальними підприємствами та підприємствами ГВП,IB-01,0,0
Енергія,Ефективність,"Спожито опалення від теплопостачальних підприємств / 
Спожито енергоресурсів теплопостачальними підприємствами саме на теплопостачання",%,1,5,Спожито опалення від теплопостачальних підприємств,Спожито енергоресурсів теплопостачальними підприємствами саме на теплопостачання,IB-02,0,0
Енергія,Ефективність,"Спожито гарячої води від підприємств ГВП / 
Спожито енергоресурсів підприємствами гарячого водопостачання саме на ГВП","м3 / 
кВт.год.",3,300,Спожито гарячої води від підприємств ГВП,Спожито енергоресурсів підприємствами гарячого водопостачання саме на ГВП,IB-03,0,0
Енергія,Аварійність,"Годин без електропостачання внаслідок аварій / 
Рік","Год. / 
рік",1,-2,Годин без електропостачання внаслідок аварій,Рік,IC-01,0,0
Енергія,Аварійність,"Аварій в системі електропостачання / 
Рік","Од. / 
рік",1,"-0,5",Аварій в системі електропостачання,Рік,IC-02,0,0
Енергія,Аварійність,"Годин без теплопостачання внаслідок аварій / 
Рік","Год. / 
рік",1,-2,Годин без теплопостачання внаслідок аварій,Рік,IC-03,0,0
Енергія,Аварійність,"Аварій в системі теплопостачання / 
Рік","Од. / 
рік",1,-2,Аварій в системі теплопостачання,Рік,IC-04,0,0
Енергія,Аварійність,"Годин без газопостачання внаслідок аварій / 
Рік","Год. / 
рік",1,-3,Годин без газопостачання внаслідок аварій,Рік,IC-05,0,0
Енергія,Аварійність,"Аварій в системі газопостачання / 
Рік","Од. / 
рік",1,-3,Аварій в системі газопостачання,Рік,IC-06,0,0
Енергія,Аварійність,"Годин без гарячого водопостачання внаслідок аварій / 
Рік","Год. / 
рік",1,"-0,3",Годин без гарячого водопостачання внаслідок аварій,Рік,IC-07,0,0
Енергія,Аварійність,"Аварій в системі гарячого водопостачання / 
Рік","Од. / 
рік",1,"-0,3",Аварій в системі гарячого водопостачання,Рік,IC-08,0,0
Енергія,Охоплення,"Домогосподарств із централізованим теплопостачанням / 
Домогосподарств",%,1,4,Домогосподарств із централізованим теплопостачанням,Домогосподарств,ID-01,0,0
Енергія,Охоплення,"Домогосподарств із централізованим ГВП / 
Домогосподарств",%,1,4,Домогосподарств із централізованим ГВП,Домогосподарств,ID-02,0,0
Енергія,Охоплення,"Кількість діб надання ГВП / 
Рік",%,1,2,Кількість діб надання ГВП,Рік,ID-03,0,0
Громадські будівлі,Частка споживання,"Спожито енергії в громадських будівлях / 
Спожито енергії в будівлях",%,2,-50,Спожито енергії в громадських будівлях,Спожито енергії в будівлях,JA-01,0,0
Громадські будівлі,Частка споживання,"Спожито енергії в дошкільних навчальних закладах / 
Спожито енергії в громадських будівлях",%,1,1,Спожито енергії в дошкільних навчальних закладах,Спожито енергії в громадських будівлях,JA-02,0,0
Громадські будівлі,Частка споживання,"Спожито енергії в загальноосвітніх та позашкільних навчальних закладах / 
Спожито енергії в громадських будівлях",%,1,1,Спожито енергії в загальноосвітніх та позашкільних навчальних закладах,Спожито енергії в громадських будівлях,JA-03,0,0
Громадські будівлі,Частка споживання,"Спожито енергії в закладах охорони здоров'я / 
Спожито енергії в громадських будівлях",%,1,1,Спожито енергії в закладах охорони здоров'я,Спожито енергії в громадських будівлях,JA-04,0,0
Громадські будівлі,Частка споживання,"Спожито енергії в закладах культури / 
Спожито енергії в громадських будівлях",%,1,1,Спожито енергії в закладах культури,Спожито енергії в громадських будівлях,JA-05,0,0
Громадські будівлі,Частка споживання,"Спожито енергії в спортивних закладах / 
Спожито енергії в громадських будівлях",%,1,1,Спожито енергії в спортивних закладах,Спожито енергії в громадських будівлях,JA-06,0,0
Громадські будівлі,Частка споживання,"Спожито енергії в адміністративних та інших закладах / 
Спожито енергії в громадських будівлях",%,1,1,Спожито енергії в адміністративних та інших закладах,Спожито енергії в громадських будівлях,JA-07,0,0
Громадські будівлі,Споживання на особу,"Спожито енергії в дошкільних навчальних закладах / 
Перебуває осіб в дошкільних навчальних закладах протягом дня","МВт.год. / 
осіб",3,-10,Спожито енергії в дошкільних навчальних закладах,Перебуває осіб в дошкільних навчальних закладах протягом дня,JB-01,0,0
Громадські будівлі,Споживання на особу,"Спожито енергії в загальноосвітніх та позашкільних навчальних закладах / 
Перебуває осіб в загальноосвітніх та позашкільні навчальних закладах протягом дня","МВт.год. / 
осіб",3,-10,Спожито енергії в загальноосвітніх та позашкільних навчальних закладах,Перебуває осіб в загальноосвітніх та позашкільні навчальних закладах протягом дня,JB-02,0,0
Громадські будівлі,Споживання на особу,"Спожито енергії в закладах охорони здоров'я / 
Перебуває осіб в закладах охорони здоров'я протягом дня","МВт.год. / 
осіб",3,-10,Спожито енергії в закладах охорони здоров'я,Перебуває осіб в закладах охорони здоров'я протягом дня,JB-03,0,0
Громадські будівлі,Споживання на особу,"Спожито енергії в закладах культури / 
Перебуває осіб в закладах культури протягом дня","МВт.год. / 
осіб",3,-10,Спожито енергії в закладах культури,Перебуває осіб в закладах культури протягом дня,JB-04,0,0
Громадські будівлі,Споживання на особу,"Спожито енергії в спортивних закладах / 
Перебуває осіб в спортивних закладах протягом дня","МВт.год. / 
осіб",3,-10,Спожито енергії в спортивних закладах,Перебуває осіб в спортивних закладах протягом дня,JB-05,0,0
Громадські будівлі,Споживання на особу,"Спожито енергії в адміністративних та інших закладах / 
Перебуває осіб в адміністративних закладах протягом дня","МВт.год. / 
осіб",3,-10,Спожито енергії в адміністративних та інших закладах,Перебуває осіб в адміністративних закладах протягом дня,JB-06,0,0
Громадські будівлі,Споживання на м2,"Спожито енергії в громадських будівлях / 
Опалювальна площа громадських будівель","МВт.год. / 
м2",3,-100,Спожито енергії в громадських будівлях,Опалювальна площа громадських будівель,JC-01,0,0
Громадські будівлі,Споживання на м2,"Спожито енергії в дошкільних навчальних закладах / 
Опалювальна площа дошкільних навчальних закладів","МВт.год. / 
м2",3,-10,Спожито енергії в дошкільних навчальних закладах,Опалювальна площа дошкільних навчальних закладів,JC-02,0,0
Громадські будівлі,Споживання на м2,"Спожито енергії в загальноосвітніх та позашкільних навчальних закладах / 
Опалювальна площа загальноосвітніх та позашкільних навчальних закладів","МВт.год. / 
м2",3,-10,Спожито енергії в загальноосвітніх та позашкільних навчальних закладах,Опалювальна площа загальноосвітніх та позашкільних навчальних закладів,JC-03,0,0
Громадські будівлі,Споживання на м2,"Спожито енергії в закладах охорони здоров'я / 
Опалювальна площа закладів охорони здоров'я","МВт.год. / 
м2",3,-10,Спожито енергії в закладах охорони здоров'я,Опалювальна площа закладів охорони здоров'я,JC-04,0,0
Громадські будівлі,Споживання на м2,"Спожито енергії в закладах культури / 
Опалювальна площа закладів культури","МВт.год. / 
м2",3,-10,Спожито енергії в закладах культури,Опалювальна площа закладів культури,JC-05,0,0
Громадські будівлі,Споживання на м2,"Спожито енергії в спортивних закладах / 
Опалювальна площа спортивних закладів","МВт.год. / 
м2",3,-10,Спожито енергії в спортивних закладах,Опалювальна площа спортивних закладів,JC-06,0,0
Громадські будівлі,Споживання на м2,"Спожито енергії в адміністративних та інших закладах / 
Опалювальна площа адміністративних та інших закладів","МВт.год. / 
м2",3,-10,Спожито енергії в адміністративних та інших закладах,Опалювальна площа адміністративних та інших закладів,JC-07,0,0
Громадські будівлі,Модернізованість,"Інвестовано в енергоефективність громадських будівель / 
Сплачено за енергоносії в громадських будівлях",%,2,100,Інвестовано в енергоефективність громадських будівель,Сплачено за енергоносії в громадських будівлях,JD-01,0,0
Громадські будівлі,Модернізованість,"Опалювальна площа утеплених громадських будівель / 
Опалювальна площа громадських будівель",%,1,30,Опалювальна площа утеплених громадських будівель,Опалювальна площа громадських будівель,JD-02,0,0
Громадські будівлі,Модернізованість,"Опалювальна площа громадських будівель з ІТП / 
Опалювальна площа громадських будівель із централізованим теплопостачанням",%,1,10,Опалювальна площа громадських будівель з ІТП,Опалювальна площа громадських будівель із централізованим теплопостачанням,JD-03,0,0
Житло,Енергоносії,"Спожито електроенергії в житловому секторі / 
Домогосподарств із електропостачанням","кВт.год. / 
од.",1,"-0,01",Спожито електроенергії в житловому секторі,Домогосподарств із електропостачанням,KA-01,0,0
Житло,Енергоносії,"Спожито теплової енергії в житловому секторі / 
Домогосподарств із теплопостачанням","кВт.год. / 
од.",1,"0,00",Спожито теплової енергії в житловому секторі,Домогосподарств із теплопостачанням,KA-02,0,0
Житло,Енергоносії,"Спожито природного газу в житловому секторі / 
Домогосподарств із газопостачанням","кВт.год. / 
од.",1,"0,00",Спожито природного газу в житловому секторі,Домогосподарств із газопостачанням,KA-03,0,0
Житло,Енергоносії,"Спожито гарячої води в житловому секторі / 
Домогосподарств із гарячим водопостачанням","кВт.год. / 
од.",1,"-0,01",Спожито гарячої води в житловому секторі,Домогосподарств із гарячим водопостачанням,KA-04,0,0
Житло,Питоме споживання,"Спожито енергії в багатоквартирних будинках із централізованим опаленням / 
Опалювальна площа квартир в багатоквартирних будинках із централізованим опаленням","кВт.год. / 
м2",1,0,Спожито енергії в багатоквартирних будинках із централізованим опаленням,Опалювальна площа квартир в багатоквартирних будинках із централізованим опаленням,KB-01,0,0
Житло,Питоме споживання,"Спожито енергії в багатоквартирних будинках з індивідуальним опаленням / 
Опалювальна площа квартир в багатоквартирних будинках з індивідуальним опаленням","кВт.год. / 
м2",1,"-0,1",Спожито енергії в багатоквартирних будинках з індивідуальним опаленням,Опалювальна площа квартир в багатоквартирних будинках з індивідуальним опаленням,KB-02,0,0
Житло,Питоме споживання,"Спожито енергії в приватних будинках / 
Опалювальна площа приватних будинків","кВт.год. / 
м2",1,"-0,2",Спожито енергії в приватних будинках,Опалювальна площа приватних будинків,KB-03,0,0
Житло,Питоме споживання,"Спожито енергії в житловому секторі / 
Домогосподарств","кВт.год. / 
од.",1,"0,00",Спожито енергії в житловому секторі,Домогосподарств,KB-04,0,0
Житло,Населенність,"Мешканців багатоквартирних будинків із централізованим опаленням / 
Мешканців",%,1,1,Мешканців багатоквартирних будинків із централізованим опаленням,Мешканців,KC-01,0,0
Житло,Населенність,"Мешканців багатоквартирних будинків з індивідуальним опаленням / 
Мешканців",%,1,3,Мешканців багатоквартирних будинків з індивідуальним опаленням,Мешканців,KC-02,0,0
Житло,Населенність,"Мешканців приватних будинків / 
Мешканців",%,1,2,Мешканців приватних будинків,Мешканців,KC-03,0,0
Житло,Частка споживання,"Спожито електроенергії в житловому секторі / 
Спожито енергії в житловому секторі",%,1,3,Спожито електроенергії в житловому секторі,Спожито енергії в житловому секторі,KD-01,0,0
Житло,Частка споживання,"Спожито теплової енергії в житловому секторі / 
Спожито енергії в житловому секторі",%,1,1,Спожито теплової енергії в житловому секторі,Спожито енергії в житловому секторі,KD-02,0,0
Житло,Частка споживання,"Спожито природного газу в житловому секторі / 
Спожито енергії в житловому секторі",%,1,2,Спожито природного газу в житловому секторі,Спожито енергії в житловому секторі,KD-03,0,0
Житло,Модернізованість,"Інвестицій в енергоефективність в житловому секторі / 
Видатки на ПЕР в житловому секторі",%,1,30,Інвестицій в енергоефективність в житловому секторі,Видатки на ПЕР в житловому секторі,KE-01,0,0
Житло,Модернізованість,"Опалювальна площа утеплених багатоквартирних будинків із централізованим опаленням / 
Опалювальна площа багатоквартирних будинків із централізованим опаленням",%,1,20,Опалювальна площа утеплених багатоквартирних будинків із централізованим опаленням,Опалювальна площа багатоквартирних будинків із централізованим опаленням,KE-02,0,0
Житло,Модернізованість,"Опалювальна площа утеплених багатоквартирних будинків з індивідуальним опаленням / 
Опалювальна площа багатоквартирних будинків з індивідуальним опаленням",%,1,5,Опалювальна площа утеплених багатоквартирних будинків з індивідуальним опаленням,Опалювальна площа багатоквартирних будинків з індивідуальним опаленням,KE-03,0,0
Житло,Модернізованість,"Опалювальна площа утеплених приватних будинків / 
Опалювальна площа приватних будинків",%,1,10,Опалювальна площа утеплених приватних будинків,Опалювальна площа приватних будинків,KE-04,0,0
Житло,Модернізованість,"Опалювальна площа будинків з ІТП / 
Опалювальна площа багатоквартирних будинків із централізованим опаленням",%,1,10,Опалювальна площа будинків з ІТП,Опалювальна площа багатоквартирних будинків із централізованим опаленням,KE-05,0,0
Житло,Стан,"Опалювальна площа аварійних багатоквартирних будинків / 
Опалювальна площа багатоквартирних будинків",%,2,-20,Опалювальна площа аварійних багатоквартирних будинків,Опалювальна площа багатоквартирних будинків,KF-01,0,0
Житло,Стан,"Опалювальна площа аварійних приватних будинків / 
Опалювальна площа приватних будинків",%,2,-10,Опалювальна площа аварійних приватних будинків,Опалювальна площа приватних будинків,KF-02,0,0
Житло,Організація,"Опалювальна площа багатоквартирних будинків з ОСББ / 
Опалювальна площа багатоквартирних будинків",%,1,5,Опалювальна площа багатоквартирних будинків з ОСББ,Опалювальна площа багатоквартирних будинків,KG-01,0,0
Економіка,Питомі критерії,"Видатки на ПЕР в бюджетних установах / 
Видатки бюджету розвитку",%,3,-100,Видатки на ПЕР в бюджетних установах,Видатки бюджету розвитку,LA-01,0,0
Економіка,Питомі критерії,"Видатки бюджету розвитку / 
Видаткова частина бюджету",%,3,100,Видатки бюджету розвитку,Видаткова частина бюджету,LA-02,0,0
Економіка,Питомі критерії,"Валовий регіональний продукт / 
Мешканців","Млн.грн. / 
тис.осіб",2,2,Валовий регіональний продукт,Мешканців,LA-03,0,0
Економіка,Питомі критерії,"Фізичних осіб-підприємців / 
Мешканців",%,2,30,Фізичних осіб-підприємців,Мешканців,LA-04,0,0
Економіка,Питомі критерії,"Юридичних осіб / 
Мешканців",%,2,30,Юридичних осіб,Мешканців,LA-05,0,0
Економіка,Питомі критерії,"Інвестиції / 
Мешканців","Тис.грн. / 
осіб",2,20,Інвестиції,Мешканців,LA-06,0,0
Економіка,Питомі критерії,"Інвестиції в енергоефективність / 
Інвестицій в громаду",%,2,20,Інвестиції в енергоефективність,Інвестицій в громаду,LA-07,0,0
Економіка,Питомі критерії,"Створених робочих місць за рік / 
Безробітних",%,1,10,Створених робочих місць за рік,Безробітних,LA-08,0,0
Економіка,Доходи населення,"Середня заробітна плата в громаді / 
Середня заробітна плата в країні",%,1,1,Середня заробітна плата в громаді,Середня заробітна плата в країні,LB-01,0,0
Економіка,Доходи населення,"Середня заробітна плата в громаді / 
Середня заробітна плата в області",%,1,1,Середня заробітна плата в громаді,Середня заробітна плата в області,LB-02,0,0
Економіка,Доходи населення,"Середні видатки домогосподарства на рік / 
Середній дохід домогосподарства на рік",%,1,-2,Середні видатки домогосподарства на рік,Середній дохід домогосподарства на рік,LB-03,0,0
Економіка,Доходи населення,"Середні видатки домогосподарства на рік на ПЕР / 
Середній дохід домогосподарства на рік",%,1,-5,Середні видатки домогосподарства на рік на ПЕР,Середній дохід домогосподарства на рік,LB-04,0,0
Економіка,Доходи бюджету,"Доходи загального фонду / 
Дохідна частина бюджету",%,2,1,Доходи загального фонду,Дохідна частина бюджету,LC-01,0,0
Економіка,Доходи бюджету,"Доходи спеціального фонду / 
Дохідна частина бюджету",%,2,10,Доходи спеціального фонду,Дохідна частина бюджету,LC-02,0,0
Економіка,Доходи бюджету,"Доходи бюджету розвитку / 
Дохідна частина бюджету",%,2,20,Доходи бюджету розвитку,Дохідна частина бюджету,LC-03,0,0
Економіка,Доходи бюджету,"Власні доходи / 
Дохідна частина бюджету",%,2,3,Власні доходи,Дохідна частина бюджету,LC-04,0,0
Економіка,Доходи бюджету,"Міжбюджетні трансферти / 
Дохідна частина бюджету",%,2,-3,Міжбюджетні трансферти,Дохідна частина бюджету,LC-05,0,0
Економіка,Доходи бюджету,"Неподаткові доходи / 
Дохідна частина бюджету",%,2,1,Неподаткові доходи,Дохідна частина бюджету,LC-06,0,0
Економіка,Доходи бюджету,"Доходи від ПДФО в місцевий бюджет / 
Дохідна частина бюджету",%,2,8,Доходи від ПДФО в місцевий бюджет,Дохідна частина бюджету,LC-07,0,0
Економіка,Доходи бюджету,"Доходи від акцизного податку в місцевий бюджет / 
Дохідна частина бюджету",%,3,1,Доходи від акцизного податку в місцевий бюджет,Дохідна частина бюджету,LC-08,0,0
Економіка,Доходи бюджету,"Доходи від плати за землю в місцевий бюджет / 
Дохідна частина бюджету",%,2,2,Доходи від плати за землю в місцевий бюджет,Дохідна частина бюджету,LC-09,0,0
Економіка,Доходи бюджету,"Доходи від ЄП в місцевий бюджет / 
Дохідна частина бюджету",%,2,10,Доходи від ЄП в місцевий бюджет,Дохідна частина бюджету,LC-10,0,0
Економіка,Доходи бюджету,"Доходи від податку на нерухоме майно в місцевий бюджет / 
Дохідна частина бюджету",%,2,2,Доходи від податку на нерухоме майно в місцевий бюджет,Дохідна частина бюджету,LC-11,0,0
Економіка,Доходи бюджету,"Доходи від туристичного збору в місцевий бюджет / 
Дохідна частина бюджету",%,3,20,Доходи від туристичного збору в місцевий бюджет,Дохідна частина бюджету,LC-12,0,0
Економіка,Доходи бюджету,"Доходи від інших податків та зборів в місцевий бюджет / 
Дохідна частина бюджету",%,2,2,Доходи від інших податків та зборів в місцевий бюджет,Дохідна частина бюджету,LC-13,0,0
Економіка,Видатки бюджету,"Видатки загального фонду / 
Видаткова частина бюджету",%,2,-1,Видатки загального фонду,Видаткова частина бюджету,LD-01,0,0
Економіка,Видатки бюджету,"Видатки спеціального фонду / 
Видаткова частина бюджету",%,2,3,Видатки спеціального фонду,Видаткова частина бюджету,LD-02,0,0
Економіка,Видатки бюджету,"Видатки бюджету розвитку / 
Видаткова частина бюджету",%,2,10,Видатки бюджету розвитку,Видаткова частина бюджету,LD-03,0,0
Економіка,Видатки бюджету,"Дохідна частина бюджету / 
Видаткова частина бюджету",%,3,2,Дохідна частина бюджету,Видаткова частина бюджету,LD-04,0,0
Економіка,Видатки бюджету,"Видатки на освіту / 
Видаткова частина бюджету",%,2,3,Видатки на освіту,Видаткова частина бюджету,LD-05,0,0
Економіка,Видатки бюджету,"Видатки на охорону здоров'я / 
Видаткова частина бюджету",%,2,3,Видатки на охорону здоров'я,Видаткова частина бюджету,LD-06,0,0
Економіка,Видатки бюджету,"Видатки на соціальний захист / 
Видаткова частина бюджету",%,2,1,Видатки на соціальний захист,Видаткова частина бюджету,LD-07,0,0
Економіка,Видатки бюджету,"Видатки на ЖКГ / 
Видаткова частина бюджету",%,2,3,Видатки на ЖКГ,Видаткова частина бюджету,LD-08,0,0
Економіка,Видатки бюджету,"Видатки на економічну діяльність / 
Видаткова частина бюджету",%,2,5,Видатки на економічну діяльність,Видаткова частина бюджету,LD-09,0,0
Економіка,Видатки бюджету,"Інші видатки / 
Видаткова частина бюджету",%,2,1,Інші видатки,Видаткова частина бюджету,LD-10,0,0