Показник,Значення,Рік,Громада,Джерело
"Енергія із ВДЕ, вироблена в громаді",63963,2019,Сєвєродонецьк,Енергоменеджер
"Енергія із ВДЕ, вироблена в громаді",318534,2020,Сєвєродонецьк,Енергоменеджер
Спожито холодної води населенням,3137910,2020,Сєвєродонецьк,Енергоменеджер
Реалізовано холодної води підприємствами водопостачання,3720150,2020,Сєвєродонецьк,Енергоменеджер
Втрат води в мережах,1447330,2020,Сєвєродонецьк,Енергоменеджер
Аварій в системі холодного водопостачання,69,2020,Сєвєродонецьк,Енергоменеджер
Мереж водопостачання в аварійному стані,13.6,2020,Сєвєродонецьк,Енергоменеджер
Аварій в системі водовідведення та каналізації,2,2020,Сєвєродонецьк,Енергоменеджер
Мереж водовідведення та каналізації в аварійному стані,14.7,2020,Сєвєродонецьк,Енергоменеджер
Домогосподарств із централізованим водопостачанням,1945,2020,Сєвєродонецьк,Енергоменеджер
Викидів СО2 за рік,522651,2018,Сєвєродонецьк,Енергоменеджер
Викидів СО2 за рік,510392,2019,Сєвєродонецьк,Енергоменеджер
Викидів СО2 за рік,660726,2020,Сєвєродонецьк,Енергоменеджер
Участь у міжнародних та національних ініціативах та організаціях в сфері сталого розвитку та енергоефективності,2,2018,Сєвєродонецьк,Енергоменеджер
Залучених із МФО грантових та кредитних коштів у сталий розвиток та енергоефективність,2.2,2018,Сєвєродонецьк,Енергоменеджер
"Осіб, задіяних в енергоменеджменті в громаді та пов'язаних підприємствах, установах та організаціях",63,2018,Сєвєродонецьк,Енергоменеджер
"Бюджетних установ, охоплених щоденним або що два дні енергомоніторингом",56,2018,Сєвєродонецьк,Енергоменеджер
Енергоаудитів будівель бюджетних установ щонайменше 2-річної давності,7,2018,Сєвєродонецьк,Енергоменеджер
Участь у міжнародних та національних ініціативах та організаціях в сфері сталого розвитку та енергоефективності,2,2019,Сєвєродонецьк,Енергоменеджер
Залучених із МФО грантових та кредитних коштів у сталий розвиток та енергоефективність,12.8,2019,Сєвєродонецьк,Енергоменеджер
"Осіб, задіяних в енергоменеджменті в громаді та пов'язаних підприємствах, установах та організаціях",64,2019,Сєвєродонецьк,Енергоменеджер
"Бюджетних установ, охоплених щоденним або що два дні енергомоніторингом",62,2019,Сєвєродонецьк,Енергоменеджер
Енергоаудитів будівель бюджетних установ щонайменше 2-річної давності,9,2019,Сєвєродонецьк,Енергоменеджер
Участь у міжнародних та національних ініціативах та організаціях в сфері сталого розвитку та енергоефективності,2,2020,Сєвєродонецьк,Енергоменеджер
Залучених із МФО грантових та кредитних коштів у сталий розвиток та енергоефективність,9.7,2020,Сєвєродонецьк,Енергоменеджер
"Осіб, задіяних в енергоменеджменті в громаді та пов'язаних підприємствах, установах та організаціях",65,2020,Сєвєродонецьк,Енергоменеджер
"Бюджетних установ, охоплених щоденним або що два дні енергомоніторингом",62,2020,Сєвєродонецьк,Енергоменеджер
Енергоаудитів будівель бюджетних установ щонайменше 2-річної давності,2,2020,Сєвєродонецьк,Енергоменеджер
"Представників структурних підрозділів в ОМС, залучених до планування та роботи над сталим розвитком",15,2018,Сєвєродонецьк,Енергоменеджер
Використано палива за рік,142053030,2018,Сєвєродонецьк,Енергоменеджер
Використано бензину за рік,31870530,2018,Сєвєродонецьк,Енергоменеджер
Використано дизпалива за рік,110182500,2018,Сєвєродонецьк,Енергоменеджер
"Вся енергія, спожита в громаді",1350969673,2018,Сєвєродонецьк,Енергоменеджер
Реалізовано теплової енергії теплопостачальними підприємствами на опалення та ГВП,331282876,2018,Сєвєродонецьк,Енергоменеджер
Спожито опалення від теплопостачальних підприємств,330397833,2018,Сєвєродонецьк,Енергоменеджер
Годин без електропостачання внаслідок аварій,1915,2018,Сєвєродонецьк,Енергоменеджер
"Представників структурних підрозділів в ОМС, залучених до планування та роботи над сталим розвитком",13,2019,Сєвєродонецьк,Енергоменеджер
Використано палива за рік,152449440,2019,Сєвєродонецьк,Енергоменеджер
Використано бензину за рік,31537200,2019,Сєвєродонецьк,Енергоменеджер
Використано дизпалива за рік,120912240,2019,Сєвєродонецьк,Енергоменеджер
"Вся енергія, спожита в громаді",1241400702,2019,Сєвєродонецьк,Енергоменеджер
Реалізовано теплової енергії теплопостачальними підприємствами на опалення та ГВП,307569306,2019,Сєвєродонецьк,Енергоменеджер
Спожито опалення від теплопостачальних підприємств,306859876,2019,Сєвєродонецьк,Енергоменеджер
Годин без електропостачання внаслідок аварій,627,2019,Сєвєродонецьк,Енергоменеджер
"Представників структурних підрозділів в ОМС, залучених до планування та роботи над сталим розвитком",13,2020,Сєвєродонецьк,Енергоменеджер
Зустрічей із громадськістю та публічних обговорень щодо теми сталого розвитку та енергоефективності,2,2020,Сєвєродонецьк,Енергоменеджер
Використано палива за рік,119932670,2020,Сєвєродонецьк,Енергоменеджер
Використано бензину за рік,28269090,2020,Сєвєродонецьк,Енергоменеджер
Використано дизпалива за рік,91663580,2020,Сєвєродонецьк,Енергоменеджер
"Вся енергія, спожита в громаді",1400076808,2020,Сєвєродонецьк,Енергоменеджер
Реалізовано теплової енергії теплопостачальними підприємствами на опалення та ГВП,285523478,2020,Сєвєродонецьк,Енергоменеджер
Спожито опалення від теплопостачальних підприємств,285215283,2020,Сєвєродонецьк,Енергоменеджер
Годин без електропостачання внаслідок аварій,1641,2020,Сєвєродонецьк,Енергоменеджер
Аварій в системі електропостачання,310,2018,Сєвєродонецьк,Енергоменеджер
Годин без теплопостачання внаслідок аварій,162,2018,Сєвєродонецьк,Енергоменеджер
Аварій в системі теплопостачання,19,2018,Сєвєродонецьк,Енергоменеджер
Годин без газопостачання внаслідок аварій,990,2018,Сєвєродонецьк,Енергоменеджер
Аварій в системі газопостачання,1493,2018,Сєвєродонецьк,Енергоменеджер
Аварій в системі електропостачання,183,2019,Сєвєродонецьк,Енергоменеджер
Годин без теплопостачання внаслідок аварій,506,2019,Сєвєродонецьк,Енергоменеджер
Аварій в системі теплопостачання,16,2019,Сєвєродонецьк,Енергоменеджер
Годин без газопостачання внаслідок аварій,1377,2019,Сєвєродонецьк,Енергоменеджер
Аварій в системі газопостачання,1429,2019,Сєвєродонецьк,Енергоменеджер
Аварій в системі електропостачання,255,2020,Сєвєродонецьк,Енергоменеджер
Годин без теплопостачання внаслідок аварій,547,2020,Сєвєродонецьк,Енергоменеджер
Аварій в системі теплопостачання,20,2020,Сєвєродонецьк,Енергоменеджер
Годин без газопостачання внаслідок аварій,1641,2020,Сєвєродонецьк,Енергоменеджер
Аварій в системі газопостачання,912,2020,Сєвєродонецьк,Енергоменеджер
Спожито енергії в громадських будівлях,28152,2018,Сєвєродонецьк,Енергоменеджер
Спожито енергії в дошкільних навчальних закладах,6887,2018,Сєвєродонецьк,Енергоменеджер
Спожито енергії в загальноосвітніх та позашкільних навчальних закладах,15884,2018,Сєвєродонецьк,Енергоменеджер
Спожито енергії в закладах охорони здоров'я,2230,2018,Сєвєродонецьк,Енергоменеджер
Спожито енергії в закладах культури,672,2018,Сєвєродонецьк,Енергоменеджер
Спожито енергії в спортивних закладах,1952,2018,Сєвєродонецьк,Енергоменеджер
Спожито енергії в адміністративних та інших закладах,527,2018,Сєвєродонецьк,Енергоменеджер
Спожито енергії в загальноосвітніх та позашкільних навчальних закладах,15884,2018,Сєвєродонецьк,Енергоменеджер
Спожито енергії в громадських будівлях,27287,2019,Сєвєродонецьк,Енергоменеджер
Спожито енергії в дошкільних навчальних закладах,6279,2019,Сєвєродонецьк,Енергоменеджер
Спожито енергії в загальноосвітніх та позашкільних навчальних закладах,15288,2019,Сєвєродонецьк,Енергоменеджер
Спожито енергії в закладах охорони здоров'я,1960,2019,Сєвєродонецьк,Енергоменеджер
Спожито енергії в закладах культури,986,2019,Сєвєродонецьк,Енергоменеджер
Спожито енергії в спортивних закладах,2380,2019,Сєвєродонецьк,Енергоменеджер
Спожито енергії в адміністративних та інших закладах,394,2019,Сєвєродонецьк,Енергоменеджер
Спожито енергії в загальноосвітніх та позашкільних навчальних закладах,15288,2019,Сєвєродонецьк,Енергоменеджер
Спожито енергії в громадських будівлях,23197,2020,Сєвєродонецьк,Енергоменеджер
Спожито енергії в дошкільних навчальних закладах,5359,2020,Сєвєродонецьк,Енергоменеджер
Спожито енергії в загальноосвітніх та позашкільних навчальних закладах,11667,2020,Сєвєродонецьк,Енергоменеджер
Спожито енергії в закладах охорони здоров'я,2300,2020,Сєвєродонецьк,Енергоменеджер
Спожито енергії в закладах культури,815,2020,Сєвєродонецьк,Енергоменеджер
Спожито енергії в спортивних закладах,2666,2020,Сєвєродонецьк,Енергоменеджер
Спожито енергії в адміністративних та інших закладах,390,2020,Сєвєродонецьк,Енергоменеджер
Спожито енергії в загальноосвітніх та позашкільних навчальних закладах,11667,2020,Сєвєродонецьк,Енергоменеджер
Інвестовано в енергоефективність громадських будівель,23.7,2018,Сєвєродонецьк,Енергоменеджер
Опалювальна площа утеплених громадських будівель,4893,2018,Сєвєродонецьк,Енергоменеджер
Спожито електроенергії в житловому секторі,95360094,2018,Сєвєродонецьк,Енергоменеджер
Спожито теплової енергії в житловому секторі,289082258,2018,Сєвєродонецьк,Енергоменеджер
Спожито природного газу в житловому секторі,163036072,2018,Сєвєродонецьк,Енергоменеджер
Спожито енергії в багатоквартирних будинках із централізованим опаленням,380630996,2018,Сєвєродонецьк,Енергоменеджер
Спожито енергії в багатоквартирних будинках з індивідуальним опаленням,1045622,2018,Сєвєродонецьк,Енергоменеджер
Спожито енергії в приватних будинках,8787556,2018,Сєвєродонецьк,Енергоменеджер
Спожито енергії в житловому секторі,547478424,2018,Сєвєродонецьк,Енергоменеджер
Спожито електроенергії в житловому секторі,95360004,2018,Сєвєродонецьк,Енергоменеджер
Спожито теплової енергії в житловому секторі,251956972,2018,Сєвєродонецьк,Енергоменеджер
Спожито природного газу в житловому секторі,163036072,2018,Сєвєродонецьк,Енергоменеджер
Інвестицій в енергоефективність в житловому секторі,11.3,2018,Сєвєродонецьк,Енергоменеджер
Інвестовано в енергоефективність громадських будівель,67.6,2019,Сєвєродонецьк,Енергоменеджер
Опалювальна площа утеплених громадських будівель,7614,2019,Сєвєродонецьк,Енергоменеджер
Опалювальна площа громадських будівель з ІТП,36570,2019,Сєвєродонецьк,Енергоменеджер
Спожито електроенергії в житловому секторі,93139647,2019,Сєвєродонецьк,Енергоменеджер
Спожито теплової енергії в житловому секторі,267563269,2019,Сєвєродонецьк,Енергоменеджер
Спожито природного газу в житловому секторі,158013361,2019,Сєвєродонецьк,Енергоменеджер
Спожито енергії в багатоквартирних будинках із централізованим опаленням,351756833,2019,Сєвєродонецьк,Енергоменеджер
Спожито енергії в багатоквартирних будинках з індивідуальним опаленням,1628421,2019,Сєвєродонецьк,Енергоменеджер
Спожито енергії в приватних будинках,8896573,2019,Сєвєродонецьк,Енергоменеджер
Спожито енергії в житловому секторі,518716277,2019,Сєвєродонецьк,Енергоменеджер
Спожито електроенергії в житловому секторі,93139647,2019,Сєвєродонецьк,Енергоменеджер
Спожито теплової енергії в житловому секторі,267563269,2019,Сєвєродонецьк,Енергоменеджер
Спожито природного газу в житловому секторі,158013361,2019,Сєвєродонецьк,Енергоменеджер
Інвестицій в енергоефективність в житловому секторі,10.7,2019,Сєвєродонецьк,Енергоменеджер
Інвестовано в енергоефективність громадських будівель,36.1,2020,Сєвєродонецьк,Енергоменеджер
Опалювальна площа утеплених громадських будівель,18369,2020,Сєвєродонецьк,Енергоменеджер
Опалювальна площа громадських будівель з ІТП,36570,2020,Сєвєродонецьк,Енергоменеджер
Спожито електроенергії в житловому секторі,96799186,2020,Сєвєродонецьк,Енергоменеджер
Спожито теплової енергії в житловому секторі,251956972,2020,Сєвєродонецьк,Енергоменеджер
Спожито природного газу в житловому секторі,150831234,2020,Сєвєродонецьк,Енергоменеджер
Спожито енергії в багатоквартирних будинках із централізованим опаленням,339138147,2020,Сєвєродонецьк,Енергоменеджер
Спожито енергії в багатоквартирних будинках з індивідуальним опаленням,1544528,2020,Сєвєродонецьк,Енергоменеджер
Спожито енергії в приватних будинках,9415431,2020,Сєвєродонецьк,Енергоменеджер
Спожито енергії в житловому секторі,499587392,2020,Сєвєродонецьк,Енергоменеджер
Спожито електроенергії в житловому секторі,96799186,2020,Сєвєродонецьк,Енергоменеджер
Спожито теплової енергії в житловому секторі,289082258,2020,Сєвєродонецьк,Енергоменеджер
Спожито природного газу в житловому секторі,150831234,2020,Сєвєродонецьк,Енергоменеджер
Інвестицій в енергоефективність в житловому секторі,8.5,2020,Сєвєродонецьк,Енергоменеджер
Інвестиції в енергоефективність,41.5,2018,Сєвєродонецьк,Енергоменеджер
Інвестиції в енергоефективність,83.3,2018,Сєвєродонецьк,Енергоменеджер
Інвестиції в енергоефективність,65,2020,Сєвєродонецьк,Енергоменеджер
"Осіб, котрим надається водопостачання",100209,2020,Сєвєродонецьк,Енергоменеджер
Спожито енергоресурсів підприємствами водопостачання,2778000,2020,Сєвєродонецьк,Енергоменеджер
Каналізаційних стоків за рік,2916030,2020,Сєвєродонецьк,Енергоменеджер
Мереж водопостачання,256.03,2020,Сєвєродонецьк,Енергоменеджер
Мереж водовідведення та каналізації,154.7,2020,Сєвєродонецьк,Енергоменеджер
Бюджетних установ,85,2018,Сєвєродонецьк,Енергоменеджер
"Будівель бюджетних установ, в котрих доцільно проводити",153,2018,Сєвєродонецьк,Енергоменеджер
Структурних підрозділів в ОМС,34,2018,Сєвєродонецьк,Енергоменеджер
Транспортних засобів,171165,2018,Сєвєродонецьк,Енергоменеджер
Транспортних засобів із ДВЗ,16282,2018,Сєвєродонецьк,Енергоменеджер
Транспортних засобів із ГБО,4186,2018,Сєвєродонецьк,Енергоменеджер
Електромобілів,31,2018,Сєвєродонецьк,Енергоменеджер
Спожито енергоресурсів теплопостачальними підприємствами та підприємствами ГВП,511186959,2018,Сєвєродонецьк,Енергоменеджер
Бюджетних установ,85,2019,Сєвєродонецьк,Енергоменеджер
"Будівель бюджетних установ, в котрих доцільно проводити",153,2019,Сєвєродонецьк,Енергоменеджер
Структурних підрозділів в ОМС,34,2019,Сєвєродонецьк,Енергоменеджер
Транспортних засобів,19678,2019,Сєвєродонецьк,Енергоменеджер
Транспортних засобів із ДВЗ,18700,2019,Сєвєродонецьк,Енергоменеджер
Транспортних засобів із ГБО,5316,2019,Сєвєродонецьк,Енергоменеджер
Електромобілів,58,2019,Сєвєродонецьк,Енергоменеджер
Спожито енергоресурсів теплопостачальними підприємствами та підприємствами ГВП,520618826,2019,Сєвєродонецьк,Енергоменеджер
Бюджетних установ,85,2020,Сєвєродонецьк,Енергоменеджер
"Будівель бюджетних установ, в котрих доцільно проводити",153,2020,Сєвєродонецьк,Енергоменеджер
Структурних підрозділів в ОМС,26,2020,Сєвєродонецьк,Енергоменеджер
Транспортних засобів,22385,2020,Сєвєродонецьк,Енергоменеджер
Транспортних засобів із ДВЗ,21276,2020,Сєвєродонецьк,Енергоменеджер
Транспортних засобів із ГБО,6181,2020,Сєвєродонецьк,Енергоменеджер
Електромобілів,73,2020,Сєвєродонецьк,Енергоменеджер
Спожито енергоресурсів теплопостачальними підприємствами та підприємствами ГВП,546016017,2020,Сєвєродонецьк,Енергоменеджер
Спожито енергоресурсів теплопостачальними підприємствами саме на теплопостачання,509569226,2018,Сєвєродонецьк,Енергоменеджер
Спожито енергоресурсів теплопостачальними підприємствами саме на теплопостачання,519170891,2019,Сєвєродонецьк,Енергоменеджер
Спожито енергоресурсів теплопостачальними підприємствами саме на теплопостачання,544143587,2020,Сєвєродонецьк,Енергоменеджер
Перебуває осіб в дошкільних навчальних закладах протягом дня,4334,2018,Сєвєродонецьк,Енергоменеджер
Перебуває осіб в загальноосвітніх та позашкільні навчальних закладах протягом дня,15664,2018,Сєвєродонецьк,Енергоменеджер
Перебуває осіб в закладах охорони здоров'я протягом дня,1679,2018,Сєвєродонецьк,Енергоменеджер
Перебуває осіб в спортивних закладах протягом дня,2089,2018,Сєвєродонецьк,Енергоменеджер
Опалювальна площа громадських будівель,211781,2018,Сєвєродонецьк,Енергоменеджер
Опалювальна площа дошкільних навчальних закладів,27373,2018,Сєвєродонецьк,Енергоменеджер
Опалювальна площа загальноосвітніх та позашкільних навчальних закладів,109668,2018,Сєвєродонецьк,Енергоменеджер
Опалювальна площа закладів охорони здоров'я,43811,2018,Сєвєродонецьк,Енергоменеджер
Перебуває осіб в дошкільних навчальних закладах протягом дня,4266,2019,Сєвєродонецьк,Енергоменеджер
Перебуває осіб в загальноосвітніх та позашкільні навчальних закладах протягом дня,15355,2019,Сєвєродонецьк,Енергоменеджер
Перебуває осіб в закладах охорони здоров'я протягом дня,3032,2019,Сєвєродонецьк,Енергоменеджер
Перебуває осіб в спортивних закладах протягом дня,2633,2019,Сєвєродонецьк,Енергоменеджер
Опалювальна площа громадських будівель,245174,2019,Сєвєродонецьк,Енергоменеджер
Опалювальна площа дошкільних навчальних закладів,30094,2019,Сєвєродонецьк,Енергоменеджер
Опалювальна площа загальноосвітніх та позашкільних навчальних закладів,109668,2019,Сєвєродонецьк,Енергоменеджер
Опалювальна площа закладів охорони здоров'я,70569,2019,Сєвєродонецьк,Енергоменеджер
Перебуває осіб в дошкільних навчальних закладах протягом дня,4244,2020,Сєвєродонецьк,Енергоменеджер
Перебуває осіб в загальноосвітніх та позашкільні навчальних закладах протягом дня,15586,2020,Сєвєродонецьк,Енергоменеджер
Перебуває осіб в закладах охорони здоров'я протягом дня,3755,2020,Сєвєродонецьк,Енергоменеджер
Перебуває осіб в спортивних закладах протягом дня,2271,2020,Сєвєродонецьк,Енергоменеджер
Опалювальна площа громадських будівель,245174,2020,Сєвєродонецьк,Енергоменеджер
Опалювальна площа дошкільних навчальних закладів,30094,2020,Сєвєродонецьк,Енергоменеджер
Опалювальна площа загальноосвітніх та позашкільних навчальних закладів,109668,2020,Сєвєродонецьк,Енергоменеджер
Опалювальна площа закладів охорони здоров'я,70569,2020,Сєвєродонецьк,Енергоменеджер
Опалювальна площа закладів культури,10535,2018,Сєвєродонецьк,Енергоменеджер
Опалювальна площа спортивних закладів,15106,2018,Сєвєродонецьк,Енергоменеджер
Опалювальна площа адміністративних та інших закладів,5288,2018,Сєвєродонецьк,Енергоменеджер
Опалювальна площа громадських будівель із централізованим теплопостачанням,122293,2018,Сєвєродонецьк,Енергоменеджер
Домогосподарств із електропостачанням,54382,2018,Сєвєродонецьк,Енергоменеджер
Домогосподарств із газопостачанням,52720,2018,Сєвєродонецьк,Енергоменеджер
Опалювальна площа квартир в багатоквартирних будинках із централізованим опаленням,2231557,2018,Сєвєродонецьк,Енергоменеджер
Опалювальна площа квартир в багатоквартирних будинках з індивідуальним опаленням,109465,2018,Сєвєродонецьк,Енергоменеджер
Опалювальна площа закладів культури,10535,2019,Сєвєродонецьк,Енергоменеджер
Опалювальна площа спортивних закладів,19020,2019,Сєвєродонецьк,Енергоменеджер
Опалювальна площа адміністративних та інших закладів,5288,2019,Сєвєродонецьк,Енергоменеджер
Опалювальна площа громадських будівель із централізованим теплопостачанням,155413,2019,Сєвєродонецьк,Енергоменеджер
Домогосподарств із електропостачанням,54418,2019,Сєвєродонецьк,Енергоменеджер
Домогосподарств із газопостачанням,52757,2019,Сєвєродонецьк,Енергоменеджер
Опалювальна площа квартир в багатоквартирних будинках із централізованим опаленням,2227936,2019,Сєвєродонецьк,Енергоменеджер
Опалювальна площа квартир в багатоквартирних будинках з індивідуальним опаленням,111095,2019,Сєвєродонецьк,Енергоменеджер
Опалювальна площа закладів культури,10535,2020,Сєвєродонецьк,Енергоменеджер
Опалювальна площа спортивних закладів,19020,2020,Сєвєродонецьк,Енергоменеджер
Опалювальна площа адміністративних та інших закладів,5288,2020,Сєвєродонецьк,Енергоменеджер
Опалювальна площа громадських будівель із централізованим теплопостачанням,155413,2020,Сєвєродонецьк,Енергоменеджер
Домогосподарств із електропостачанням,54449,2020,Сєвєродонецьк,Енергоменеджер
Домогосподарств із газопостачанням,52775,2020,Сєвєродонецьк,Енергоменеджер
Опалювальна площа квартир в багатоквартирних будинках із централізованим опаленням,2222842,2020,Сєвєродонецьк,Енергоменеджер
Опалювальна площа квартир в багатоквартирних будинках з індивідуальним опаленням,112934,2020,Сєвєродонецьк,Енергоменеджер
Спожито електроенергії в житловому секторі,95360094,2018,Сєвєродонецьк,Обленерго
"Вся енергія, спожита в громаді",1350969673,2018,Сєвєродонецьк,Обленерго
"Вся електроенергія, спожита в громаді",280644220,2018,Сєвєродонецьк,Обленерго
Домогосподарств із електропостачанням,54382,2018,Сєвєродонецьк,Обленерго
"Енергія із ВДЕ, вироблена в громаді",63963,2019,Сєвєродонецьк,Обленерго
"Електроенергія із ВДЕ, вироблена в громаді (сонячна+вітрова+біомаси+гідро+геотермальна)",63963,2019,Сєвєродонецьк,Обленерго
Спожито електроенергії в житловому секторі,93139647,2019,Сєвєродонецьк,Обленерго
"Вся енергія, спожита в громаді",1241400702,2019,Сєвєродонецьк,Обленерго
"Вся електроенергія, спожита в громаді",299856385,2019,Сєвєродонецьк,Обленерго
Домогосподарств із електропостачанням,54418,2019,Сєвєродонецьк,Обленерго
"Енергія із ВДЕ, вироблена в громаді",318534,2020,Сєвєродонецьк,Обленерго
"Електроенергія із ВДЕ, вироблена в громаді (сонячна+вітрова+біомаси+гідро+геотермальна)",318534,2020,Сєвєродонецьк,Обленерго
Спожито електроенергії в житловому секторі,96799186,2020,Сєвєродонецьк,Обленерго
"Вся енергія, спожита в громаді",1400076808,2020,Сєвєродонецьк,Обленерго
"Вся електроенергія, спожита в громаді",470876964,2020,Сєвєродонецьк,Обленерго
Домогосподарств із електропостачанням,54449,2020,Сєвєродонецьк,Обленерго
Спожито енергії в багатоквартирних будинках з індивідуальним опаленням,682384,2018,Сєвєродонецьк,Облгаз
Спожито природного газу в житловому секторі,163036072,2018,Сєвєродонецьк,Облгаз
Домогосподарств із газопостачанням,52720,2018,Сєвєродонецьк,Облгаз
Опалювальна площа квартир в багатоквартирних будинках з індивідуальним опаленням,109465,2018,Сєвєродонецьк,Облгаз
Опалювальна площа багатоквартирних будинків з індивідуальним опаленням,28786,2018,Сєвєродонецьк,Облгаз
Спожито енергії в багатоквартирних будинках з індивідуальним опаленням,1284877,2019,Сєвєродонецьк,Облгаз
Спожито природного газу в житловому секторі,158013361,2019,Сєвєродонецьк,Облгаз
Домогосподарств із газопостачанням,52757,2019,Сєвєродонецьк,Облгаз
Опалювальна площа квартир в багатоквартирних будинках з індивідуальним опаленням,111095,2019,Сєвєродонецьк,Облгаз
Опалювальна площа багатоквартирних будинків з індивідуальним опаленням,29108,2019,Сєвєродонецьк,Облгаз
Спожито енергії в багатоквартирних будинках з індивідуальним опаленням,1150569,2020,Сєвєродонецьк,Облгаз
Спожито природного газу в житловому секторі,150831234,2020,Сєвєродонецьк,Облгаз
Домогосподарств із газопостачанням,52775,2020,Сєвєродонецьк,Облгаз
Опалювальна площа квартир в багатоквартирних будинках з індивідуальним опаленням,112934,2020,Сєвєродонецьк,Облгаз
Опалювальна площа багатоквартирних будинків з індивідуальним опаленням,30014,2020,Сєвєродонецьк,Облгаз
"Вся енергія, спожита в громаді",1350969673,2018,Сєвєродонецьк,Виробники електроенергії
"Вся електроенергія, спожита в громаді",280644220,2018,Сєвєродонецьк,Виробники електроенергії
"Енергія із ВДЕ, вироблена в громаді",63963,2019,Сєвєродонецьк,Виробники електроенергії
"Електроенергія із ВДЕ, вироблена в громаді (сонячна+вітрова+біомаси+гідро+геотермальна)",63963,2019,Сєвєродонецьк,Виробники електроенергії
"Вся енергія, спожита в громаді",1241400702,2019,Сєвєродонецьк,Виробники електроенергії
"Вся електроенергія, спожита в громаді",299856385,2019,Сєвєродонецьк,Виробники електроенергії
"Енергія із ВДЕ, вироблена в громаді",318534,2020,Сєвєродонецьк,Виробники електроенергії
"Електроенергія із ВДЕ, вироблена в громаді (сонячна+вітрова+біомаси+гідро+геотермальна)",318534,2020,Сєвєродонецьк,Виробники електроенергії
"Вся енергія, спожита в громаді",1400076808,2020,Сєвєродонецьк,Виробники електроенергії
"Вся електроенергія, спожита в громаді",470876964,2020,Сєвєродонецьк,Виробники електроенергії
Спожито холодної води населенням,3137910,2020,Сєвєродонецьк,Водоканал
Реалізовано холодної води підприємствами водопостачання,3720150,2020,Сєвєродонецьк,Водоканал
Втрат води в мережах,1447330,2020,Сєвєродонецьк,Водоканал
Аварій в системі холодного водопостачання,69,2020,Сєвєродонецьк,Водоканал
Мереж водопостачання в аварійному стані,13.6,2020,Сєвєродонецьк,Водоканал
Аварій в системі водовідведення та каналізації,2,2020,Сєвєродонецьк,Водоканал
Мереж водовідведення та каналізації в аварійному стані,14.7,2020,Сєвєродонецьк,Водоканал
Домогосподарств із централізованим водопостачанням,1945,2020,Сєвєродонецьк,Водоканал
"Осіб, котрим надається водопостачання",10209,2020,Сєвєродонецьк,Водоканал
Спожито енергоресурсів підприємствами водопостачання,2778000,2020,Сєвєродонецьк,Водоканал
Каналізаційних стоків за рік,2916030,2020,Сєвєродонецьк,Водоканал
Мереж водопостачання,256.03,2020,Сєвєродонецьк,Водоканал
Мереж водовідведення та каналізації,154.7,2020,Сєвєродонецьк,Водоканал
Реалізовано теплової енергії теплопостачальними підприємствами на опалення та ГВП,331282876,2018,Сєвєродонецьк,Міськтеплоенерго
Спожито опалення від теплопостачальних підприємств,330397833,2018,Сєвєродонецьк,Міськтеплоенерго
Спожито енергії в багатоквартирних будинках із централізованим опаленням,380630996,2018,Сєвєродонецьк,Міськтеплоенерго
Спожито теплової енергії в житловому секторі,289082258,2018,Сєвєродонецьк,Міськтеплоенерго
"Вся енергія, спожита в громаді",1350969673,2018,Сєвєродонецьк,Міськтеплоенерго
"Вся теплова енергія, спожита в громаді",324389120,2018,Сєвєродонецьк,Міськтеплоенерго
Спожито енергоресурсів теплопостачальними підприємствами та підприємствами ГВП,511186959,2018,Сєвєродонецьк,Міськтеплоенерго
Спожито енергоресурсів теплопостачальними підприємствами саме на теплопостачання,509569226,2018,Сєвєродонецьк,Міськтеплоенерго
Опалювальна площа квартир в багатоквартирних будинках із централізованим опаленням,2231557,2018,Сєвєродонецьк,Міськтеплоенерго
"Енергія із ВДЕ, вироблена в громаді",63963,2019,Сєвєродонецьк,Міськтеплоенерго
Реалізовано теплової енергії теплопостачальними підприємствами на опалення та ГВП,307569306,2019,Сєвєродонецьк,Міськтеплоенерго
Спожито опалення від теплопостачальних підприємств,306859876,2019,Сєвєродонецьк,Міськтеплоенерго
Спожито енергії в багатоквартирних будинках із централізованим опаленням,351756833,2019,Сєвєродонецьк,Міськтеплоенерго
Спожито теплової енергії в житловому секторі,267563269,2019,Сєвєродонецьк,Міськтеплоенерго
"Вся енергія, спожита в громаді",1241400702,2019,Сєвєродонецьк,Міськтеплоенерго
"Вся теплова енергія, спожита в громаді",296965693,2019,Сєвєродонецьк,Міськтеплоенерго
Спожито енергоресурсів теплопостачальними підприємствами та підприємствами ГВП,520618826,2019,Сєвєродонецьк,Міськтеплоенерго
Спожито енергоресурсів теплопостачальними підприємствами саме на теплопостачання,519170891,2019,Сєвєродонецьк,Міськтеплоенерго
Опалювальна площа квартир в багатоквартирних будинках із централізованим опаленням,2227936,2019,Сєвєродонецьк,Міськтеплоенерго
"Енергія із ВДЕ, вироблена в громаді",318534,2020,Сєвєродонецьк,Міськтеплоенерго
Реалізовано теплової енергії теплопостачальними підприємствами на опалення та ГВП,285523478,2020,Сєвєродонецьк,Міськтеплоенерго
Спожито опалення від теплопостачальних підприємств,285215283,2020,Сєвєродонецьк,Міськтеплоенерго
Спожито енергії в багатоквартирних будинках із централізованим опаленням,339138147,2020,Сєвєродонецьк,Міськтеплоенерго
Спожито теплової енергії в житловому секторі,251956972,2020,Сєвєродонецьк,Міськтеплоенерго
"Вся енергія, спожита в громаді",1400076808,2020,Сєвєродонецьк,Міськтеплоенерго
"Вся теплова енергія, спожита в громаді",280419364,2020,Сєвєродонецьк,Міськтеплоенерго
Спожито енергоресурсів теплопостачальними підприємствами та підприємствами ГВП,546016017,2020,Сєвєродонецьк,Міськтеплоенерго
Спожито енергоресурсів теплопостачальними підприємствами саме на теплопостачання,544143587,2020,Сєвєродонецьк,Міськтеплоенерго
Опалювальна площа квартир в багатоквартирних будинках із централізованим опаленням,2222842,2020,Сєвєродонецьк,Міськтеплоенерго
"Енергія із ВДЕ, вироблена в громаді",63963,2019,Сєвєродонецьк,Виробники теплової енергії
"Енергія із ВДЕ, вироблена в громаді",318534,2020,Сєвєродонецьк,Виробники теплової енергії
"Вся енергія, спожита в громаді",1350969673,2018,Сєвєродонецьк,Виробники теплової енергії
"Вся теплова енергія, спожита в громаді",324389120,2018,Сєвєродонецьк,Виробники теплової енергії
"Вся енергія, спожита в громаді",1241400702,2019,Сєвєродонецьк,Виробники теплової енергії
"Вся теплова енергія, спожита в громаді",296965693,2019,Сєвєродонецьк,Виробники теплової енергії
"Вся енергія, спожита в громаді",1400076808,2020,Сєвєродонецьк,Виробники теплової енергії
"Вся теплова енергія, спожита в громаді",280419364,2020,Сєвєродонецьк,Виробники теплової енергії
"Вся енергія, спожита в громаді",1350969673,2018,Сєвєродонецьк,Постачальні організації
Реалізовано теплової енергії теплопостачальними підприємствами на опалення та ГВП,331282876,2018,Сєвєродонецьк,Постачальні організації
Спожито опалення від теплопостачальних підприємств,330397833,2018,Сєвєродонецьк,Постачальні організації
Годин без електропостачання внаслідок аварій,1915,2018,Сєвєродонецьк,Постачальні організації
Аварій в системі електропостачання,310,2018,Сєвєродонецьк,Постачальні організації
Годин без теплопостачання внаслідок аварій,162,2018,Сєвєродонецьк,Постачальні організації
Аварій в системі теплопостачання,19,2018,Сєвєродонецьк,Постачальні організації
Годин без газопостачання внаслідок аварій,990,2018,Сєвєродонецьк,Постачальні організації
Аварій в системі газопостачання,1493,2018,Сєвєродонецьк,Постачальні організації
"Вся енергія, спожита в громаді",1241400702,2019,Сєвєродонецьк,Постачальні організації
Реалізовано теплової енергії теплопостачальними підприємствами на опалення та ГВП,307569306,2019,Сєвєродонецьк,Постачальні організації
Спожито опалення від теплопостачальних підприємств,306859876,2019,Сєвєродонецьк,Постачальні організації
Годин без електропостачання внаслідок аварій,627,2019,Сєвєродонецьк,Постачальні організації
Аварій в системі електропостачання,183,2019,Сєвєродонецьк,Постачальні організації
Годин без теплопостачання внаслідок аварій,506,2019,Сєвєродонецьк,Постачальні організації
Аварій в системі теплопостачання,16,2019,Сєвєродонецьк,Постачальні організації
Годин без газопостачання внаслідок аварій,1377,2019,Сєвєродонецьк,Постачальні організації
Аварій в системі газопостачання,1429,2019,Сєвєродонецьк,Постачальні організації
"Вся енергія, спожита в громаді",1400076808,2020,Сєвєродонецьк,Постачальні організації
Реалізовано теплової енергії теплопостачальними підприємствами на опалення та ГВП,285523478,2020,Сєвєродонецьк,Постачальні організації
Спожито опалення від теплопостачальних підприємств,285215283,2020,Сєвєродонецьк,Постачальні організації
Годин без електропостачання внаслідок аварій,1641,2020,Сєвєродонецьк,Постачальні організації
Аварій в системі електропостачання,255,2020,Сєвєродонецьк,Постачальні організації
Годин без теплопостачання внаслідок аварій,547,2020,Сєвєродонецьк,Постачальні організації
Аварій в системі теплопостачання,20,2020,Сєвєродонецьк,Постачальні організації
Годин без газопостачання внаслідок аварій,1641,2020,Сєвєродонецьк,Постачальні організації
Аварій в системі газопостачання,912,2020,Сєвєродонецьк,Постачальні організації
Спожито електроенергії в житловому секторі,95360094,2018,Сєвєродонецьк,Постачальні організації
Спожито теплової енергії в житловому секторі,251956972,2018,Сєвєродонецьк,Постачальні організації
Спожито природного газу в житловому секторі,163036072,2018,Сєвєродонецьк,Постачальні організації
Спожито енергії в багатоквартирних будинках із централізованим опаленням,380630996,2018,Сєвєродонецьк,Постачальні організації
Спожито енергії в багатоквартирних будинках з індивідуальним опаленням,1045622,2018,Сєвєродонецьк,Постачальні організації
Спожито енергії в приватних будинках,8787556,2018,Сєвєродонецьк,Постачальні організації
Спожито енергії в житловому секторі,547478424,2018,Сєвєродонецьк,Постачальні організації
Опалювальна площа будівель,2523173,2018,Сєвєродонецьк,Постачальні організації
Спожито енергоресурсів теплопостачальними підприємствами та підприємствами ГВП,511186959,2018,Сєвєродонецьк,Постачальні організації
Спожито енергоресурсів теплопостачальними підприємствами саме на теплопостачання,509569226,2018,Сєвєродонецьк,Постачальні організації
Домогосподарств із електропостачанням,54382,2018,Сєвєродонецьк,Постачальні організації
Спожито електроенергії в житловому секторі,93139647,2019,Сєвєродонецьк,Постачальні організації
Спожито теплової енергії в житловому секторі,267563269,2019,Сєвєродонецьк,Постачальні організації
Спожито природного газу в житловому секторі,158013361,2019,Сєвєродонецьк,Постачальні організації
Спожито енергії в багатоквартирних будинках із централізованим опаленням,351756833,2019,Сєвєродонецьк,Постачальні організації
Спожито енергії в багатоквартирних будинках з індивідуальним опаленням,1628421,2019,Сєвєродонецьк,Постачальні організації
Спожито енергії в приватних будинках,8896573,2019,Сєвєродонецьк,Постачальні організації
Спожито енергії в житловому секторі,518716277,2019,Сєвєродонецьк,Постачальні організації
Опалювальна площа будівель,2520057,2019,Сєвєродонецьк,Постачальні організації
Спожито енергоресурсів теплопостачальними підприємствами та підприємствами ГВП,520618826,2019,Сєвєродонецьк,Постачальні організації
Спожито енергоресурсів теплопостачальними підприємствами саме на теплопостачання,519170891,2019,Сєвєродонецьк,Постачальні організації
Домогосподарств із електропостачанням,54418,2019,Сєвєродонецьк,Постачальні організації
Спожито електроенергії в житловому секторі,96799186,2020,Сєвєродонецьк,Постачальні організації
Спожито теплової енергії в житловому секторі,289082258,2020,Сєвєродонецьк,Постачальні організації
Спожито природного газу в житловому секторі,150831234,2020,Сєвєродонецьк,Постачальні організації
Спожито енергії в багатоквартирних будинках із централізованим опаленням,339138147,2020,Сєвєродонецьк,Постачальні організації
Спожито енергії в багатоквартирних будинках з індивідуальним опаленням,1544528,2020,Сєвєродонецьк,Постачальні організації
Спожито енергії в приватних будинках,9415431,2020,Сєвєродонецьк,Постачальні організації
Спожито енергії в житловому секторі,499587392,2020,Сєвєродонецьк,Постачальні організації
Опалювальна площа будівель,2516765,2020,Сєвєродонецьк,Постачальні організації
Спожито енергоресурсів теплопостачальними підприємствами та підприємствами ГВП,546016017,2020,Сєвєродонецьк,Постачальні організації
Спожито енергоресурсів теплопостачальними підприємствами саме на теплопостачання,544143587,2020,Сєвєродонецьк,Постачальні організації
Домогосподарств із електропостачанням,54449,2020,Сєвєродонецьк,Постачальні організації
Домогосподарств із газопостачанням,52720,2018,Сєвєродонецьк,Постачальні організації
Опалювальна площа квартир в багатоквартирних будинках із централізованим опаленням,2231557,2018,Сєвєродонецьк,Постачальні організації
Опалювальна площа квартир в багатоквартирних будинках з індивідуальним опаленням,144036,2018,Сєвєродонецьк,Постачальні організації
Домогосподарств із газопостачанням,52757,2019,Сєвєродонецьк,Постачальні організації
Опалювальна площа квартир в багатоквартирних будинках із централізованим опаленням,2227936,2019,Сєвєродонецьк,Постачальні організації
Опалювальна площа квартир в багатоквартирних будинках з індивідуальним опаленням,145966,2019,Сєвєродонецьк,Постачальні організації
Домогосподарств із газопостачанням,52775,2020,Сєвєродонецьк,Постачальні організації
Опалювальна площа квартир в багатоквартирних будинках із централізованим опаленням,2222843,2020,Сєвєродонецьк,Постачальні організації
Опалювальна площа квартир в багатоквартирних будинках з індивідуальним опаленням,148506,2020,Сєвєродонецьк,Постачальні організації
"Протяжність освітлених доріг, проспектів та вулиць",114.5,2018,Сєвєродонецьк,Відділ транспорту
Пішохідних переходів,190,2018,Сєвєродонецьк,Відділ транспорту
Протяжність пішохідних вулиць,2489,2018,Сєвєродонецьк,Відділ транспорту
"Протяжність пішохідних доріжок, хідників, тощо",32,2018,Сєвєродонецьк,Відділ транспорту
"Протяжність освітлених доріг, проспектів та вулиць",116.7,2019,Сєвєродонецьк,Відділ транспорту
Пішохідних переходів,190,2019,Сєвєродонецьк,Відділ транспорту
Протяжність пішохідних вулиць,2,2019,Сєвєродонецьк,Відділ транспорту
"Протяжність пішохідних доріжок, хідників, тощо",32,2019,Сєвєродонецьк,Відділ транспорту
"Протяжність освітлених доріг, проспектів та вулиць",123.2,2020,Сєвєродонецьк,Відділ транспорту
Пішохідних переходів,190,2020,Сєвєродонецьк,Відділ транспорту
Протяжність пішохідних вулиць,2489,2020,Сєвєродонецьк,Відділ транспорту
"Протяжність пішохідних доріжок, хідників, тощо",32,2020,Сєвєродонецьк,Відділ транспорту
"Протяжність доріг, проспектів та вулиць, забезпечених громадським транспортом",53.25,2018,Сєвєродонецьк,Відділ транспорту
"Протяжність доріг, проспектів та вулиць, забезпечених громадським транспортом",53.25,2019,Сєвєродонецьк,Відділ транспорту
"Протяжність доріг, проспектів та вулиць, забезпечених громадським транспортом",53.25,2020,Сєвєродонецьк,Відділ транспорту
"Протяжність доріг, проспектів та вулиць",157,2018,Сєвєродонецьк,Відділ транспорту
Протяжність транспортної та пішохідної інфраструктури,170161,2018,Сєвєродонецьк,Відділ транспорту
"Протяжність доріг, проспектів та вулиць",340165,2019,Сєвєродонецьк,Відділ транспорту
Протяжність транспортної та пішохідної інфраструктури,510169,2019,Сєвєродонецьк,Відділ транспорту
"Протяжність доріг, проспектів та вулиць",680173,2020,Сєвєродонецьк,Відділ транспорту
Протяжність транспортної та пішохідної інфраструктури,850177,2020,Сєвєродонецьк,Відділ транспорту
"Малих архітектурних форм, літніх майданчиків та інших перешкод на хідниках та інших місцях пішохідного і вело руху",1,2018,Сєвєродонецьк,Відділ благоустрою
"Малих архітектурних форм, літніх майданчиків та інших перешкод на хідниках та інших місцях пішохідного і вело руху",3,2019,Сєвєродонецьк,Відділ благоустрою
"Малих архітектурних форм, літніх майданчиків та інших перешкод на хідниках та інших місцях пішохідного і вело руху",4,2020,Сєвєродонецьк,Відділ благоустрою
"Протяжність освітлених доріг, проспектів та вулиць",114.5,2018,Сєвєродонецьк,Відділ благоустрою
Пішохідних переходів,190,2018,Сєвєродонецьк,Відділ благоустрою
"Протяжність освітлених доріг, проспектів та вулиць",116.7,2019,Сєвєродонецьк,Відділ благоустрою
Пішохідних переходів,190,2019,Сєвєродонецьк,Відділ благоустрою
"Протяжність освітлених доріг, проспектів та вулиць",123.2,2020,Сєвєродонецьк,Відділ благоустрою
Пішохідних переходів,190,2020,Сєвєродонецьк,Відділ благоустрою
Протяжність пішохідних вулиць,2489,2018,Сєвєродонецьк,Відділ благоустрою
"Протяжність пішохідних доріжок, хідників, тощо",32,2018,Сєвєродонецьк,Відділ благоустрою
Протяжність пішохідних вулиць,2489,2019,Сєвєродонецьк,Відділ благоустрою
"Протяжність пішохідних доріжок, хідників, тощо",32,2019,Сєвєродонецьк,Відділ благоустрою
Протяжність пішохідних вулиць,2489,2020,Сєвєродонецьк,Відділ благоустрою
"Протяжність пішохідних доріжок, хідників, тощо",32,2020,Сєвєродонецьк,Відділ благоустрою
"Протяжність доріг, проспектів та вулиць, забезпечених громадським транспортом",53.25,2018,Сєвєродонецьк,Відділ благоустрою
Територія громади,41.51,2018,Сєвєродонецьк,Відділ благоустрою
"Протяжність доріг, проспектів та вулиць",157,2018,Сєвєродонецьк,Відділ благоустрою
Протяжність транспортної та пішохідної інфраструктури,170,2018,Сєвєродонецьк,Відділ благоустрою
"Протяжність доріг, проспектів та вулиць, забезпечених громадським транспортом",53.25,2019,Сєвєродонецьк,Відділ благоустрою
Територія громади,41.51,2019,Сєвєродонецьк,Відділ благоустрою
"Протяжність доріг, проспектів та вулиць",157,2019,Сєвєродонецьк,Відділ благоустрою
Протяжність транспортної та пішохідної інфраструктури,170161,2019,Сєвєродонецьк,Відділ благоустрою
"Протяжність доріг, проспектів та вулиць, забезпечених громадським транспортом",53.25,2020,Сєвєродонецьк,Відділ благоустрою
Територія громади,41.51,2020,Сєвєродонецьк,Відділ благоустрою
"Протяжність доріг, проспектів та вулиць",157,2020,Сєвєродонецьк,Відділ благоустрою
Протяжність транспортної та пішохідної інфраструктури,170161,2020,Сєвєродонецьк,Відділ благоустрою
Видатки бюджету розвитку,94.1,2018,Сєвєродонецьк,Департамент фінансів
Доходи загального фонду,1312.5,2018,Сєвєродонецьк,Департамент фінансів
Доходи спеціального фонду,50.6,2018,Сєвєродонецьк,Департамент фінансів
Доходи бюджету розвитку,0.9,2018,Сєвєродонецьк,Департамент фінансів
Власні доходи,702,2018,Сєвєродонецьк,Департамент фінансів
Міжбюджетні трансферти,610.6,2018,Сєвєродонецьк,Департамент фінансів
Неподаткові доходи,12.1,2018,Сєвєродонецьк,Департамент фінансів
Доходи від ПДФО в місцевий бюджет,513.3,2018,Сєвєродонецьк,Департамент фінансів
Доходи від акцизного податку в місцевий бюджет,48.6,2018,Сєвєродонецьк,Департамент фінансів
Доходи від плати за землю в місцевий бюджет,55.8,2018,Сєвєродонецьк,Департамент фінансів
Доходи від ЄП в місцевий бюджет,55.7,2018,Сєвєродонецьк,Департамент фінансів
Доходи від податку на нерухоме майно в місцевий бюджет,10.7,2018,Сєвєродонецьк,Департамент фінансів
Доходи від туристичного збору в місцевий бюджет,0.1,2018,Сєвєродонецьк,Департамент фінансів
Доходи від інших податків та зборів в місцевий бюджет,5.7,2018,Сєвєродонецьк,Департамент фінансів
Видатки загального фонду,1184.7,2018,Сєвєродонецьк,Департамент фінансів
Видатки спеціального фонду,135.1,2018,Сєвєродонецьк,Департамент фінансів
Дохідна частина бюджету,1363.1,2018,Сєвєродонецьк,Департамент фінансів
Видатки на освіту,316.9,2018,Сєвєродонецьк,Департамент фінансів
Видатки на охорону здоров'я,321,2018,Сєвєродонецьк,Департамент фінансів
Видатки на соціальний захист,403.2,2018,Сєвєродонецьк,Департамент фінансів
Видатки на ЖКГ,74.1,2018,Сєвєродонецьк,Департамент фінансів
Видатки на економічну діяльність,61.5,2018,Сєвєродонецьк,Департамент фінансів
Інші видатки,143.2,2018,Сєвєродонецьк,Департамент фінансів
Видаткова частина бюджету,1319.8,2018,Сєвєродонецьк,Департамент фінансів
Видатки бюджету розвитку,207.2,2019,Сєвєродонецьк,Департамент фінансів
Доходи загального фонду,1286,2019,Сєвєродонецьк,Департамент фінансів
Доходи спеціального фонду,43.5,2019,Сєвєродонецьк,Департамент фінансів
Доходи бюджету розвитку,1.2,2019,Сєвєродонецьк,Департамент фінансів
Власні доходи,821.9,2019,Сєвєродонецьк,Департамент фінансів
Міжбюджетні трансферти,461.1,2019,Сєвєродонецьк,Департамент фінансів
Неподаткові доходи,10.6,2019,Сєвєродонецьк,Департамент фінансів
Доходи від ПДФО в місцевий бюджет,594.1,2019,Сєвєродонецьк,Департамент фінансів
Доходи від акцизного податку в місцевий бюджет,44.7,2019,Сєвєродонецьк,Департамент фінансів
Доходи від плати за землю в місцевий бюджет,80,2019,Сєвєродонецьк,Департамент фінансів
Доходи від ЄП в місцевий бюджет,75,2019,Сєвєродонецьк,Департамент фінансів
Доходи від податку на нерухоме майно в місцевий бюджет,12.5,2019,Сєвєродонецьк,Департамент фінансів
Доходи від туристичного збору в місцевий бюджет,0.9,2019,Сєвєродонецьк,Департамент фінансів
Доходи від інших податків та зборів в місцевий бюджет,4.2,2019,Сєвєродонецьк,Департамент фінансів
Видатки загального фонду,1126.4,2019,Сєвєродонецьк,Департамент фінансів
Видатки спеціального фонду,241.7,2019,Сєвєродонецьк,Департамент фінансів
Дохідна частина бюджету,1329.5,2019,Сєвєродонецьк,Департамент фінансів
Видатки на освіту,385.8,2019,Сєвєродонецьк,Департамент фінансів
Видатки на охорону здоров'я,352.4,2019,Сєвєродонецьк,Департамент фінансів
Видатки на соціальний захист,236.2,2019,Сєвєродонецьк,Департамент фінансів
Видатки на ЖКГ,71.9,2019,Сєвєродонецьк,Департамент фінансів
Видатки на економічну діяльність,138,2019,Сєвєродонецьк,Департамент фінансів
Інші видатки,183.8,2019,Сєвєродонецьк,Департамент фінансів
Видаткова частина бюджету,1368.1,2019,Сєвєродонецьк,Департамент фінансів
Видатки бюджету розвитку,242.3,2020,Сєвєродонецьк,Департамент фінансів
Доходи загального фонду,1157.4,2020,Сєвєродонецьк,Департамент фінансів
Доходи спеціального фонду,54,2020,Сєвєродонецьк,Департамент фінансів
Доходи бюджету розвитку,0.6,2020,Сєвєродонецьк,Департамент фінансів
Власні доходи,902,2020,Сєвєродонецьк,Департамент фінансів
Міжбюджетні трансферти,255.4,2020,Сєвєродонецьк,Департамент фінансів
Неподаткові доходи,9,2020,Сєвєродонецьк,Департамент фінансів
Доходи від ПДФО в місцевий бюджет,664.2,2020,Сєвєродонецьк,Департамент фінансів
Доходи від акцизного податку в місцевий бюджет,50.3,2020,Сєвєродонецьк,Департамент фінансів
Доходи від плати за землю в місцевий бюджет,75.8,2020,Сєвєродонецьк,Департамент фінансів
Доходи від ЄП в місцевий бюджет,81.2,2020,Сєвєродонецьк,Департамент фінансів
Доходи від податку на нерухоме майно в місцевий бюджет,13.2,2020,Сєвєродонецьк,Департамент фінансів
Доходи від туристичного збору в місцевий бюджет,1.2,2020,Сєвєродонецьк,Департамент фінансів
Доходи від інших податків та зборів в місцевий бюджет,6.9,2020,Сєвєродонецьк,Департамент фінансів
Видатки загального фонду,941.4,2020,Сєвєродонецьк,Департамент фінансів
Видатки спеціального фонду,286.2,2020,Сєвєродонецьк,Департамент фінансів
Дохідна частина бюджету,1211.4,2020,Сєвєродонецьк,Департамент фінансів
Видатки на освіту,422.5,2020,Сєвєродонецьк,Департамент фінансів
Видатки на охорону здоров'я,271.9,2020,Сєвєродонецьк,Департамент фінансів
Видатки на соціальний захист,75.1,2020,Сєвєродонецьк,Департамент фінансів
Видатки на ЖКГ,49.2,2020,Сєвєродонецьк,Департамент фінансів
Видатки на економічну діяльність,203.2,2020,Сєвєродонецьк,Департамент фінансів
Інші видатки,205.7,2020,Сєвєродонецьк,Департамент фінансів
Видаткова частина бюджету,1227.6,2020,Сєвєродонецьк,Департамент фінансів
Юридичних осіб,1049,2018,Сєвєродонецьк,Департамент економіки
Інвестиції в енергоефективність,41.5,2018,Сєвєродонецьк,Департамент економіки
Середня заробітна плата в громаді,9376,2018,Сєвєродонецьк,Департамент економіки
Мешканців,113967,2018,Сєвєродонецьк,Департамент економіки
Безробітних,1063,2018,Сєвєродонецьк,Департамент економіки
Середня заробітна плата в країні,8867.33,2018,Сєвєродонецьк,Департамент економіки
Середня заробітна плата в області,7841,2018,Сєвєродонецьк,Департамент економіки
Юридичних осіб,1080,2019,Сєвєродонецьк,Департамент економіки
Інвестиції в енергоефективність,83.3,2019,Сєвєродонецьк,Департамент економіки
Середня заробітна плата в громаді,10423,2019,Сєвєродонецьк,Департамент економіки
Мешканців,112764,2019,Сєвєродонецьк,Департамент економіки
Безробітних,2437,2019,Сєвєродонецьк,Департамент економіки
Середня заробітна плата в країні,10503.75,2019,Сєвєродонецьк,Департамент економіки
Середня заробітна плата в області,9380,2019,Сєвєродонецьк,Департамент економіки
Юридичних осіб,1099,2020,Сєвєродонецьк,Департамент економіки
Інвестиції в енергоефективність,65,2020,Сєвєродонецьк,Департамент економіки
Середня заробітна плата в громаді,12096,2020,Сєвєродонецьк,Департамент економіки
Мешканців,111395,2020,Сєвєродонецьк,Департамент економіки
Безробітних,3789,2020,Сєвєродонецьк,Департамент економіки
Середня заробітна плата в країні,11596.6,2020,Сєвєродонецьк,Департамент економіки
Середня заробітна плата в області,11338,2020,Сєвєродонецьк,Департамент економіки
Фізичних осіб-підприємців,4262,2018,Сєвєродонецьк,Департамент підприємництва
Фізичних осіб-підприємців,4431,2019,Сєвєродонецьк,Департамент підприємництва
Фізичних осіб-підприємців,4543,2020,Сєвєродонецьк,Департамент підприємництва
Скарг на шумове забруднення,6,2018,Сєвєродонецьк,Відділ екології
Скарг на інші забруднення,3,2018,Сєвєродонецьк,Відділ екології
Скарг на інші забруднення,4,2019,Сєвєродонецьк,Відділ екології
Скарг на шумове забруднення,2,2020,Сєвєродонецьк,Відділ екології
Скарг на інші забруднення,3,2020,Сєвєродонецьк,Відділ екології
Площі стихійних сміттєзвалищ,3000,2018,Сєвєродонецьк,Відділ екології
Площі стихійних сміттєзвалищ,7900,2019,Сєвєродонецьк,Відділ екології
Площі стихійних сміттєзвалищ,11000,2020,Сєвєродонецьк,Відділ екології
Учнів шкіл,10044,2018,Сєвєродонецьк,Управління освіти
Студентів,7724,2018,Сєвєродонецьк,Управління освіти
Дітей в ДНЗ,3490,2018,Сєвєродонецьк,Управління освіти
Спожито енергії в дошкільних навчальних закладах,6887,2018,Сєвєродонецьк,Управління освіти
Спожито енергії в загальноосвітніх та позашкільних навчальних закладах,15884,2018,Сєвєродонецьк,Управління освіти
Місць в ДНЗ,2700,2018,Сєвєродонецьк,Управління освіти
Перебуває осіб в дошкільних навчальних закладах протягом дня,4334,2018,Сєвєродонецьк,Управління освіти
Перебуває осіб в загальноосвітніх та позашкільні навчальних закладах протягом дня,15664,2018,Сєвєродонецьк,Управління освіти
Учнів шкіл,10252,2019,Сєвєродонецьк,Управління освіти
Студентів,7868,2019,Сєвєродонецьк,Управління освіти
Дітей в ДНЗ,3397,2019,Сєвєродонецьк,Управління освіти
Спожито енергії в дошкільних навчальних закладах,6279,2019,Сєвєродонецьк,Управління освіти
Спожито енергії в загальноосвітніх та позашкільних навчальних закладах,15288,2019,Сєвєродонецьк,Управління освіти
Місць в ДНЗ,2935,2019,Сєвєродонецьк,Управління освіти
Перебуває осіб в дошкільних навчальних закладах протягом дня,4266,2019,Сєвєродонецьк,Управління освіти
Перебуває осіб в загальноосвітніх та позашкільні навчальних закладах протягом дня,15355,2019,Сєвєродонецьк,Управління освіти
Учнів шкіл,10422,2020,Сєвєродонецьк,Управління освіти
Студентів,6446,2020,Сєвєродонецьк,Управління освіти
Дітей в ДНЗ,3350,2020,Сєвєродонецьк,Управління освіти
Спожито енергії в дошкільних навчальних закладах,5359,2020,Сєвєродонецьк,Управління освіти
Спожито енергії в загальноосвітніх та позашкільних навчальних закладах,11667,2020,Сєвєродонецьк,Управління освіти
Місць в ДНЗ,3121,2020,Сєвєродонецьк,Управління освіти
Перебуває осіб в дошкільних навчальних закладах протягом дня,4244,2020,Сєвєродонецьк,Управління освіти
Перебуває осіб в загальноосвітніх та позашкільні навчальних закладах протягом дня,15586,2020,Сєвєродонецьк,Управління освіти
Спожито енергії в закладах охорони здоров'я,2230,2018,Сєвєродонецьк,УОЗ
Смертей,2223,2018,Сєвєродонецьк,УОЗ
Звернень із хворобами,60395,2018,Сєвєродонецьк,УОЗ
Перебуває осіб в закладах охорони здоров'я протягом дня,1679,2018,Сєвєродонецьк,УОЗ
Спожито енергії в закладах охорони здоров'я,1960,2019,Сєвєродонецьк,УОЗ
Смертей,1810,2019,Сєвєродонецьк,УОЗ
Звернень із хворобами,418672,2019,Сєвєродонецьк,УОЗ
Перебуває осіб в закладах охорони здоров'я протягом дня,3032,2019,Сєвєродонецьк,УОЗ
Спожито енергії в закладах охорони здоров'я,2300,2020,Сєвєродонецьк,УОЗ
Смертей,2052,2020,Сєвєродонецьк,УОЗ
Звернень із хворобами,535905,2020,Сєвєродонецьк,УОЗ
Перебуває осіб в закладах охорони здоров'я протягом дня,3755,2020,Сєвєродонецьк,УОЗ
Спожито енергії в дошкільних навчальних закладах,6887,2018,Сєвєродонецьк,Профільні департаменти
Спожито енергії в загальноосвітніх та позашкільних навчальних закладах,15884,2018,Сєвєродонецьк,Профільні департаменти
Спожито енергії в закладах охорони здоров'я,2230,2018,Сєвєродонецьк,Профільні департаменти
Спожито енергії в закладах культури,672,2018,Сєвєродонецьк,Профільні департаменти
Спожито енергії в спортивних закладах,1952,2018,Сєвєродонецьк,Профільні департаменти
Спожито енергії в адміністративних та інших закладах,527,2018,Сєвєродонецьк,Профільні департаменти
Перебуває осіб в дошкільних навчальних закладах протягом дня,4334,2018,Сєвєродонецьк,Профільні департаменти
Перебуває осіб в загальноосвітніх та позашкільні навчальних закладах протягом дня,15664,2018,Сєвєродонецьк,Профільні департаменти
Перебуває осіб в закладах охорони здоров'я протягом дня,1679,2018,Сєвєродонецьк,Профільні департаменти
Перебуває осіб в спортивних закладах протягом дня,2089,2018,Сєвєродонецьк,Профільні департаменти
Спожито енергії в дошкільних навчальних закладах,6279,2019,Сєвєродонецьк,Профільні департаменти
Спожито енергії в загальноосвітніх та позашкільних навчальних закладах,15288,2019,Сєвєродонецьк,Профільні департаменти
Спожито енергії в закладах охорони здоров'я,1960,2019,Сєвєродонецьк,Профільні департаменти
Спожито енергії в закладах культури,986,2019,Сєвєродонецьк,Профільні департаменти
Спожито енергії в спортивних закладах,2380,2019,Сєвєродонецьк,Профільні департаменти
Спожито енергії в адміністративних та інших закладах,394,2019,Сєвєродонецьк,Профільні департаменти
Перебуває осіб в дошкільних навчальних закладах протягом дня,4266,2019,Сєвєродонецьк,Профільні департаменти
Перебуває осіб в загальноосвітніх та позашкільні навчальних закладах протягом дня,15355,2019,Сєвєродонецьк,Профільні департаменти
Перебуває осіб в закладах охорони здоров'я протягом дня,3032,2019,Сєвєродонецьк,Профільні департаменти
Перебуває осіб в спортивних закладах протягом дня,2633,2019,Сєвєродонецьк,Профільні департаменти
Спожито енергії в дошкільних навчальних закладах,5359,2020,Сєвєродонецьк,Профільні департаменти
Спожито енергії в загальноосвітніх та позашкільних навчальних закладах,11667,2020,Сєвєродонецьк,Профільні департаменти
Спожито енергії в закладах охорони здоров'я,2300,2020,Сєвєродонецьк,Профільні департаменти
Спожито енергії в закладах культури,815,2020,Сєвєродонецьк,Профільні департаменти
Спожито енергії в спортивних закладах,2666,2020,Сєвєродонецьк,Профільні департаменти
Спожито енергії в адміністративних та інших закладах,390,2020,Сєвєродонецьк,Профільні департаменти
Перебуває осіб в дошкільних навчальних закладах протягом дня,4244,2020,Сєвєродонецьк,Профільні департаменти
Перебуває осіб в загальноосвітніх та позашкільні навчальних закладах протягом дня,15586,2020,Сєвєродонецьк,Профільні департаменти
Перебуває осіб в закладах охорони здоров'я протягом дня,3755,2020,Сєвєродонецьк,Профільні департаменти
Перебуває осіб в спортивних закладах протягом дня,2271,2020,Сєвєродонецьк,Профільні департаменти
"Малих архітектурних форм, літніх майданчиків та інших перешкод на хідниках та інших місцях пішохідного і вело руху",1,2018,Сєвєродонецьк,Управління містобудування й архітектури
"Протяжність освітлених доріг, проспектів та вулиць",114.5,2018,Сєвєродонецьк,Управління містобудування й архітектури
Пішохідних переходів,190,2018,Сєвєродонецьк,Управління містобудування й архітектури
Пішохідних переходів із заниженими бордюрами,22,2018,Сєвєродонецьк,Управління містобудування й архітектури
Інших пішохідних переходів,168,2018,Сєвєродонецьк,Управління містобудування й архітектури
Протяжність пішохідних вулиць,2489,2018,Сєвєродонецьк,Управління містобудування й архітектури
"Протяжність пішохідних доріжок, хідників, тощо",32,2018,Сєвєродонецьк,Управління містобудування й архітектури
"Протяжність доріг, проспектів та вулиць, забезпечених громадським транспортом",53.25,2018,Сєвєродонецьк,Управління містобудування й архітектури
Територія громади,41.51,2018,Сєвєродонецьк,Управління містобудування й архітектури
"Протяжність доріг, проспектів та вулиць",157,2018,Сєвєродонецьк,Управління містобудування й архітектури
Протяжність транспортної та пішохідної інфраструктури,170161,2018,Сєвєродонецьк,Управління містобудування й архітектури
"Малих архітектурних форм, літніх майданчиків та інших перешкод на хідниках та інших місцях пішохідного і вело руху",3,2019,Сєвєродонецьк,Управління містобудування й архітектури
"Протяжність освітлених доріг, проспектів та вулиць",116.7,2019,Сєвєродонецьк,Управління містобудування й архітектури
Пішохідних переходів,190,2019,Сєвєродонецьк,Управління містобудування й архітектури
Освітлених пішохідних переходів,3,2019,Сєвєродонецьк,Управління містобудування й архітектури
Пішохідних переходів із заниженими бордюрами,34,2019,Сєвєродонецьк,Управління містобудування й архітектури
Інших пішохідних переходів,168,2019,Сєвєродонецьк,Управління містобудування й архітектури
Протяжність пішохідних вулиць,2489,2019,Сєвєродонецьк,Управління містобудування й архітектури
"Протяжність пішохідних доріжок, хідників, тощо",32,2019,Сєвєродонецьк,Управління містобудування й архітектури
"Протяжність доріг, проспектів та вулиць, забезпечених громадським транспортом",53.25,2019,Сєвєродонецьк,Управління містобудування й архітектури
Територія громади,41.51,2019,Сєвєродонецьк,Управління містобудування й архітектури
"Протяжність доріг, проспектів та вулиць",157,2019,Сєвєродонецьк,Управління містобудування й архітектури
Протяжність транспортної та пішохідної інфраструктури,170161,2019,Сєвєродонецьк,Управління містобудування й архітектури
"Малих архітектурних форм, літніх майданчиків та інших перешкод на хідниках та інших місцях пішохідного і вело руху",4,2020,Сєвєродонецьк,Управління містобудування й архітектури
"Протяжність освітлених доріг, проспектів та вулиць",123.2,2020,Сєвєродонецьк,Управління містобудування й архітектури
Пішохідних переходів,190,2020,Сєвєродонецьк,Управління містобудування й архітектури
Освітлених пішохідних переходів,3,2020,Сєвєродонецьк,Управління містобудування й архітектури
Пішохідних переходів із заниженими бордюрами,38,2020,Сєвєродонецьк,Управління містобудування й архітектури
Інших пішохідних переходів,168,2020,Сєвєродонецьк,Управління містобудування й архітектури
Протяжність пішохідних вулиць,2489,2020,Сєвєродонецьк,Управління містобудування й архітектури
"Протяжність пішохідних доріжок, хідників, тощо",32,2020,Сєвєродонецьк,Управління містобудування й архітектури
"Протяжність доріг, проспектів та вулиць, забезпечених громадським транспортом",53.25,2020,Сєвєродонецьк,Управління містобудування й архітектури
Територія громади,41.51,2020,Сєвєродонецьк,Управління містобудування й архітектури
"Протяжність доріг, проспектів та вулиць",157,2020,Сєвєродонецьк,Управління містобудування й архітектури
Протяжність транспортної та пішохідної інфраструктури,170161,2020,Сєвєродонецьк,Управління містобудування й архітектури
Пішохідних переходів із заниженими бордюрами,22,2018,Сєвєродонецьк,УКБ
Інших пішохідних переходів,168,2018,Сєвєродонецьк,УКБ
Пішохідних переходів,190,2018,Сєвєродонецьк,УКБ
Освітлених пішохідних переходів,3,2019,Сєвєродонецьк,УКБ
Пішохідних переходів із заниженими бордюрами,34,2019,Сєвєродонецьк,УКБ
Інших пішохідних переходів,168,2019,Сєвєродонецьк,УКБ
Пішохідних переходів,190,2019,Сєвєродонецьк,УКБ
Освітлених пішохідних переходів,3,2020,Сєвєродонецьк,УКБ
Пішохідних переходів із заниженими бордюрами,38,2020,Сєвєродонецьк,УКБ
Інших пішохідних переходів,168,2020,Сєвєродонецьк,УКБ
Пішохідних переходів,190,2020,Сєвєродонецьк,УКБ
Квартир в багатоквартирних будинках,50301,2018,Сєвєродонецьк,УЖГ
Мешканців багатоквартирних будинків із централізованим опаленням,95593,2018,Сєвєродонецьк,УЖГ
Опалювальна площа утеплених багатоквартирних будинків із централізованим опаленням,22500,2018,Сєвєродонецьк,УЖГ
Опалювальна площа утеплених багатоквартирних будинків з індивідуальним опаленням,25400,2018,Сєвєродонецьк,УЖГ
Опалювальна площа багатоквартирних будинків з ОСББ,430885,2018,Сєвєродонецьк,УЖГ
Домогосподарств із електропостачанням,54382,2018,Сєвєродонецьк,УЖГ
Домогосподарств із газопостачанням,52720,2018,Сєвєродонецьк,УЖГ
Опалювальна площа квартир в багатоквартирних будинках із централізованим опаленням,2231556,2018,Сєвєродонецьк,УЖГ
Опалювальна площа квартир в багатоквартирних будинках з індивідуальним опаленням,25400,2018,Сєвєродонецьк,УЖГ
Опалювальна площа багатоквартирних будинків із централізованим опаленням,2330288,2018,Сєвєродонецьк,УЖГ
Опалювальна площа багатоквартирних будинків з індивідуальним опаленням,25400,2018,Сєвєродонецьк,УЖГ
Опалювальна площа багатоквартирних будинків,2371342,2018,Сєвєродонецьк,УЖГ
Квартир в багатоквартирних будинках,50248,2019,Сєвєродонецьк,УЖГ
Мешканців багатоквартирних будинків із централізованим опаленням,95032,2019,Сєвєродонецьк,УЖГ
Опалювальна площа утеплених багатоквартирних будинків із централізованим опаленням,22500,2019,Сєвєродонецьк,УЖГ
Опалювальна площа утеплених багатоквартирних будинків з індивідуальним опаленням,25400,2019,Сєвєродонецьк,УЖГ
Опалювальна площа багатоквартирних будинків з ОСББ,430893,2019,Сєвєродонецьк,УЖГ
Домогосподарств із електропостачанням,54418,2019,Сєвєродонецьк,УЖГ
Домогосподарств із газопостачанням,52757,2019,Сєвєродонецьк,УЖГ
Опалювальна площа квартир в багатоквартирних будинках із централізованим опаленням,2227936,2019,Сєвєродонецьк,УЖГ
Опалювальна площа квартир в багатоквартирних будинках з індивідуальним опаленням,25400,2019,Сєвєродонецьк,УЖГ
Опалювальна площа багатоквартирних будинків із централізованим опаленням,2328498,2019,Сєвєродонецьк,УЖГ
Опалювальна площа багатоквартирних будинків з індивідуальним опаленням,25400,2019,Сєвєродонецьк,УЖГ
Опалювальна площа багатоквартирних будинків,2370875,2019,Сєвєродонецьк,УЖГ
Квартир в багатоквартирних будинках,50229,2020,Сєвєродонецьк,УЖГ
Мешканців багатоквартирних будинків із централізованим опаленням,94445,2020,Сєвєродонецьк,УЖГ
Опалювальна площа утеплених багатоквартирних будинків із централізованим опаленням,22500,2020,Сєвєродонецьк,УЖГ
Опалювальна площа утеплених багатоквартирних будинків з індивідуальним опаленням,25400,2020,Сєвєродонецьк,УЖГ
Опалювальна площа багатоквартирних будинків з ОСББ,429728,2020,Сєвєродонецьк,УЖГ
Домогосподарств із електропостачанням,54449,2020,Сєвєродонецьк,УЖГ
Домогосподарств із газопостачанням,52775,2020,Сєвєродонецьк,УЖГ
Опалювальна площа квартир в багатоквартирних будинках із централізованим опаленням,2222841,2020,Сєвєродонецьк,УЖГ
Опалювальна площа квартир в багатоквартирних будинках з індивідуальним опаленням,25400,2020,Сєвєродонецьк,УЖГ
Опалювальна площа багатоквартирних будинків із централізованим опаленням,2326151,2020,Сєвєродонецьк,УЖГ
Опалювальна площа багатоквартирних будинків з індивідуальним опаленням,25400,2020,Сєвєродонецьк,УЖГ
Опалювальна площа багатоквартирних будинків,2369434,2020,Сєвєродонецьк,УЖГ
"Протяжність освітлених доріг, проспектів та вулиць",114.5,2018,Сєвєродонецьк,УКГ
Пішохідних переходів,190,2018,Сєвєродонецьк,УКГ
Протяжність пішохідних вулиць,2489,2018,Сєвєродонецьк,УКГ
"Протяжність пішохідних доріжок, хідників, тощо",32,2018,Сєвєродонецьк,УКГ
"Протяжність доріг, проспектів та вулиць, забезпечених громадським транспортом",53.25,2018,Сєвєродонецьк,УКГ
"Протяжність доріг, проспектів та вулиць",157,2018,Сєвєродонецьк,УКГ
Протяжність транспортної та пішохідної інфраструктури,170161,2018,Сєвєродонецьк,УКГ
"Протяжність освітлених доріг, проспектів та вулиць",123.2,2020,Сєвєродонецьк,УКГ
Пішохідних переходів,190,2020,Сєвєродонецьк,УКГ
Протяжність пішохідних вулиць,2489,2020,Сєвєродонецьк,УКГ
"Протяжність пішохідних доріжок, хідників, тощо",32,2020,Сєвєродонецьк,УКГ
"Протяжність доріг, проспектів та вулиць, забезпечених громадським транспортом",53.25,2020,Сєвєродонецьк,УКГ
"Протяжність доріг, проспектів та вулиць",157,2020,Сєвєродонецьк,УКГ
Протяжність транспортної та пішохідної інфраструктури,170161,2020,Сєвєродонецьк,УКГ
Домогосподарств із субсидіями,15512,2018,Сєвєродонецьк,Департамент соцзахисту
Домогосподарств із субсидіями в приватному секторі,999,2018,Сєвєродонецьк,Департамент соцзахисту
Квартир із субсидіями в багатоквартирних будинках,14513,2018,Сєвєродонецьк,Департамент соцзахисту
Чоловіків працездатного віку,36301,2018,Сєвєродонецьк,Департамент соцзахисту
Чоловіків після працездатного віку,6846,2018,Сєвєродонецьк,Департамент соцзахисту
Чоловіків до працездатного віку,7773,2018,Сєвєродонецьк,Департамент соцзахисту
Жінок працездатного віку,35862,2018,Сєвєродонецьк,Департамент соцзахисту
Жінок після працездатного віку,20010,2018,Сєвєродонецьк,Департамент соцзахисту
Жінок до працездатного віку,7175,2018,Сєвєродонецьк,Департамент соцзахисту
Смертей,2223,2018,Сєвєродонецьк,Департамент соцзахисту
Чоловіків,1077,2018,Сєвєродонецьк,Департамент соцзахисту
Жінок,1146,2018,Сєвєродонецьк,Департамент соцзахисту
Середня тривалість життя в країні,71.76,2018,Сєвєродонецьк,Департамент соцзахисту
Середня тривалість життя чоловіків в країні,66.69,2018,Сєвєродонецьк,Департамент соцзахисту
Середня тривалість життя жінок в країні,76.72,2018,Сєвєродонецьк,Департамент соцзахисту
Домогосподарств із субсидіями,15813,2019,Сєвєродонецьк,Департамент соцзахисту
Домогосподарств із субсидіями в приватному секторі,1072,2019,Сєвєродонецьк,Департамент соцзахисту
Квартир із субсидіями в багатоквартирних будинках,14741,2019,Сєвєродонецьк,Департамент соцзахисту
Чоловіків працездатного віку,35801,2019,Сєвєродонецьк,Департамент соцзахисту
Чоловіків після працездатного віку,7002,2019,Сєвєродонецьк,Департамент соцзахисту
Чоловіків до працездатного віку,7604,2019,Сєвєродонецьк,Департамент соцзахисту
Жінок працездатного віку,34963,2019,Сєвєродонецьк,Департамент соцзахисту
Жінок після працездатного віку,20362,2019,Сєвєродонецьк,Департамент соцзахисту
Жінок до працездатного віку,7032,2019,Сєвєродонецьк,Департамент соцзахисту
Смертей,1810,2019,Сєвєродонецьк,Департамент соцзахисту
Чоловіків,833,2019,Сєвєродонецьк,Департамент соцзахисту
Жінок,977,2019,Сєвєродонецьк,Департамент соцзахисту
Середня тривалість життя в країні,72.01,2019,Сєвєродонецьк,Департамент соцзахисту
Середня тривалість життя чоловіків в країні,66.92,2019,Сєвєродонецьк,Департамент соцзахисту
Середня тривалість життя жінок в країні,76.98,2019,Сєвєродонецьк,Департамент соцзахисту
Домогосподарств із субсидіями,14710,2020,Сєвєродонецьк,Департамент соцзахисту
Домогосподарств із субсидіями в приватному секторі,874,2020,Сєвєродонецьк,Департамент соцзахисту
Квартир із субсидіями в багатоквартирних будинках,13836,2020,Сєвєродонецьк,Департамент соцзахисту
Чоловіків працездатного віку,35349,2020,Сєвєродонецьк,Департамент соцзахисту
Чоловіків після працездатного віку,6988,2020,Сєвєродонецьк,Департамент соцзахисту
Чоловіків до працездатного віку,7407,2020,Сєвєродонецьк,Департамент соцзахисту
Жінок працездатного віку,34139,2020,Сєвєродонецьк,Департамент соцзахисту
Жінок після працездатного віку,20630,2020,Сєвєродонецьк,Департамент соцзахисту
Жінок до працездатного віку,6882,2020,Сєвєродонецьк,Департамент соцзахисту
Смертей,2052,2020,Сєвєродонецьк,Департамент соцзахисту
Чоловіків,976,2020,Сєвєродонецьк,Департамент соцзахисту
Жінок,1076,2020,Сєвєродонецьк,Департамент соцзахисту
Середня тривалість життя в країні,71.35,2020,Сєвєродонецьк,Департамент соцзахисту
Середня тривалість життя чоловіків в країні,66.39,2020,Сєвєродонецьк,Департамент соцзахисту
Середня тривалість життя жінок в країні,76.22,2020,Сєвєродонецьк,Департамент соцзахисту
"Домогосподарств, яким надаються послуги поводження із побутовими відходами",53385,2018,Сєвєродонецьк,КП зі збору відходів
Утворених побутових відходів,47921807,2018,Сєвєродонецьк,КП зі збору відходів
Тариф на поводження з м3 побутових відходів,50.74,2018,Сєвєродонецьк,КП зі збору відходів
"Домогосподарств, яким надаються послуги поводження із побутовими відходами",53378,2019,Сєвєродонецьк,КП зі збору відходів
Утворених побутових відходів,60606898,2019,Сєвєродонецьк,КП зі збору відходів
Тариф на поводження з м3 побутових відходів,50.74,2019,Сєвєродонецьк,КП зі збору відходів
"Домогосподарств, яким надаються послуги поводження із побутовими відходами",53403,2020,Сєвєродонецьк,КП зі збору відходів
Утворених побутових відходів,50819985,2020,Сєвєродонецьк,КП зі збору відходів
Тариф на поводження з м3 побутових відходів,50.74,2020,Сєвєродонецьк,КП зі збору відходів
"Будівельних відходів, що потрапляють на полігон",6068550,2018,Сєвєродонецьк,КП зі збору відходів
Площі стихійних сміттєзвалищ,3000,2018,Сєвєродонецьк,КП зі збору відходів
Обсяг захоронених відходів за рік,54064849,2018,Сєвєродонецьк,КП зі збору відходів
Всього побутових відходів за рік,47921807,2018,Сєвєродонецьк,КП зі збору відходів
Обсяг захоронених відходів,54064849,2018,Сєвєродонецьк,КП зі збору відходів
"Будівельних відходів, що потрапляють на полігон",4323375,2019,Сєвєродонецьк,КП зі збору відходів
Площі стихійних сміттєзвалищ,7900,2019,Сєвєродонецьк,КП зі збору відходів
Обсяг захоронених відходів за рік,64968920,2019,Сєвєродонецьк,КП зі збору відходів
Всього побутових відходів за рік,60606898,2019,Сєвєродонецьк,КП зі збору відходів
Обсяг захоронених відходів,64968920,2019,Сєвєродонецьк,КП зі збору відходів
"Будівельних відходів, що потрапляють на полігон",4664655,2020,Сєвєродонецьк,КП зі збору відходів
Площі стихійних сміттєзвалищ,11000,2020,Сєвєродонецьк,КП зі збору відходів
Обсяг захоронених відходів за рік,55484683,2020,Сєвєродонецьк,КП зі збору відходів
Всього побутових відходів за рік,50819985,2020,Сєвєродонецьк,КП зі збору відходів
Обсяг захоронених відходів,55484683,2020,Сєвєродонецьк,КП зі збору відходів
Кількість світлодіодних ламп зовнішнього освітлення,1608,2018,Сєвєродонецьк,Міськсвітло
"Протяжність освітлених доріг, проспектів та вулиць",114.5,2018,Сєвєродонецьк,Міськсвітло
Кількість ламп зовнішнього освітлення,2867,2018,Сєвєродонецьк,Міськсвітло
Кількість світлодіодних ламп зовнішнього освітлення,2160,2019,Сєвєродонецьк,Міськсвітло
"Протяжність освітлених доріг, проспектів та вулиць",116.7,2019,Сєвєродонецьк,Міськсвітло
Кількість ламп зовнішнього освітлення,2898,2019,Сєвєродонецьк,Міськсвітло
Кількість світлодіодних ламп зовнішнього освітлення,2830,2020,Сєвєродонецьк,Міськсвітло
"Протяжність освітлених доріг, проспектів та вулиць",123.2,2020,Сєвєродонецьк,Міськсвітло
Кількість ламп зовнішнього освітлення,3314,2020,Сєвєродонецьк,Міськсвітло
Скарг на шумове забруднення,6,2018,Сєвєродонецьк,Гаряча лінія 1580
Скарг на інші забруднення,3,2018,Сєвєродонецьк,Гаряча лінія 1580
Годин без електропостачання внаслідок аварій,1915,2018,Сєвєродонецьк,Гаряча лінія 1580
Аварій в системі електропостачання,310,2018,Сєвєродонецьк,Гаряча лінія 1580
Годин без теплопостачання внаслідок аварій,162,2018,Сєвєродонецьк,Гаряча лінія 1580
Аварій в системі теплопостачання,19,2018,Сєвєродонецьк,Гаряча лінія 1580
Годин без газопостачання внаслідок аварій,990,2018,Сєвєродонецьк,Гаряча лінія 1580
Аварій в системі газопостачання,1493,2018,Сєвєродонецьк,Гаряча лінія 1580
Скарг на інші забруднення,4,2019,Сєвєродонецьк,Гаряча лінія 1580
Годин без електропостачання внаслідок аварій,627,2019,Сєвєродонецьк,Гаряча лінія 1580
Аварій в системі електропостачання,183,2019,Сєвєродонецьк,Гаряча лінія 1580
Годин без теплопостачання внаслідок аварій,506,2019,Сєвєродонецьк,Гаряча лінія 1580
Аварій в системі теплопостачання,16,2019,Сєвєродонецьк,Гаряча лінія 1580
Годин без газопостачання внаслідок аварій,1377,2019,Сєвєродонецьк,Гаряча лінія 1580
Аварій в системі газопостачання,1429,2019,Сєвєродонецьк,Гаряча лінія 1580
Скарг на шумове забруднення,2,2020,Сєвєродонецьк,Гаряча лінія 1580
Скарг на інші забруднення,3,2020,Сєвєродонецьк,Гаряча лінія 1580
Годин без електропостачання внаслідок аварій,1641,2020,Сєвєродонецьк,Гаряча лінія 1580
Аварій в системі електропостачання,255,2020,Сєвєродонецьк,Гаряча лінія 1580
Годин без теплопостачання внаслідок аварій,547,2020,Сєвєродонецьк,Гаряча лінія 1580
Аварій в системі теплопостачання,20,2020,Сєвєродонецьк,Гаряча лінія 1580
Годин без газопостачання внаслідок аварій,1641,2020,Сєвєродонецьк,Гаряча лінія 1580
Аварій в системі газопостачання,912,2020,Сєвєродонецьк,Гаряча лінія 1580
Скарг на інші забруднення,3,2018,Сєвєродонецьк,Санепідемстанція
Скарг на інші забруднення,4,2019,Сєвєродонецьк,Санепідемстанція
Скарг на інші забруднення,3,2020,Сєвєродонецьк,Санепідемстанція
Фізичних осіб-підприємців,4262,2018,Сєвєродонецьк,ДПС
Юридичних осіб,1049,2018,Сєвєродонецьк,ДПС
Фізичних осіб-підприємців,4431,2019,Сєвєродонецьк,ДПС
Юридичних осіб,1080,2019,Сєвєродонецьк,ДПС
Фізичних осіб-підприємців,4543,2020,Сєвєродонецьк,ДПС
Юридичних осіб,1099,2020,Сєвєродонецьк,ДПС
Смертей,2223,2018,Сєвєродонецьк,МВС
Смертей,1810,2019,Сєвєродонецьк,МВС
Смертей,2052,2020,Сєвєродонецьк,МВС
Зареєстрованих автотранспортних засобів,16282,2018,Сєвєродонецьк,Сервісний центр МВС
Зареєстрованих бензинових транспортних засобів,8977,2018,Сєвєродонецьк,Сервісний центр МВС
Зареєстрованих дизельних транспортних засобів,2519,2018,Сєвєродонецьк,Сервісний центр МВС
Зареєстрованих електричних та гібридних транспортних засобів,31,2018,Сєвєродонецьк,Сервісний центр МВС
Зареєстрованих транспортних засобів із ГБО,4186,2018,Сєвєродонецьк,Сервісний центр МВС
Зареєстрованих легкових автомобілів,12427,2018,Сєвєродонецьк,Сервісний центр МВС
Зареєстрованих вантажних автомобілів,2121,2018,Сєвєродонецьк,Сервісний центр МВС
Зареєстрованих автобусів,493,2018,Сєвєродонецьк,Сервісний центр МВС
Зареєстрованих мототранспортних засобів,1240,2018,Сєвєродонецьк,Сервісний центр МВС
Зареєстрованих транспортних засобів,17165,2018,Сєвєродонецьк,Сервісний центр МВС
Транспортних засобів,17165,2018,Сєвєродонецьк,Сервісний центр МВС
Транспортних засобів із ДВЗ,16282,2018,Сєвєродонецьк,Сервісний центр МВС
Транспортних засобів із ГБО,4186,2018,Сєвєродонецьк,Сервісний центр МВС
Зареєстрованих автотранспортних засобів,18700,2019,Сєвєродонецьк,Сервісний центр МВС
Зареєстрованих бензинових транспортних засобів,9731,2019,Сєвєродонецьк,Сервісний центр МВС
Зареєстрованих дизельних транспортних засобів,3037,2019,Сєвєродонецьк,Сервісний центр МВС
Зареєстрованих електричних та гібридних транспортних засобів,58,2019,Сєвєродонецьк,Сервісний центр МВС
Зареєстрованих транспортних засобів із ГБО,5316,2019,Сєвєродонецьк,Сервісний центр МВС
Зареєстрованих легкових автомобілів,14498,2019,Сєвєродонецьк,Сервісний центр МВС
Зареєстрованих вантажних автомобілів,2347,2019,Сєвєродонецьк,Сервісний центр МВС
Зареєстрованих автобусів,534,2019,Сєвєродонецьк,Сервісний центр МВС
Зареєстрованих мототранспортних засобів,1320,2019,Сєвєродонецьк,Сервісний центр МВС
Зареєстрованих транспортних засобів,19678,2019,Сєвєродонецьк,Сервісний центр МВС
Транспортних засобів,19678,2019,Сєвєродонецьк,Сервісний центр МВС
Транспортних засобів із ДВЗ,18700,2019,Сєвєродонецьк,Сервісний центр МВС
Транспортних засобів із ГБО,5316,2019,Сєвєродонецьк,Сервісний центр МВС
Зареєстрованих автотранспортних засобів,21276,2020,Сєвєродонецьк,Сервісний центр МВС
Зареєстрованих бензинових транспортних засобів,10866,2020,Сєвєродонецьк,Сервісний центр МВС
Зареєстрованих дизельних транспортних засобів,3594,2020,Сєвєродонецьк,Сервісний центр МВС
Зареєстрованих електричних та гібридних транспортних засобів,73,2020,Сєвєродонецьк,Сервісний центр МВС
Зареєстрованих транспортних засобів із ГБО,6181,2020,Сєвєродонецьк,Сервісний центр МВС
Зареєстрованих легкових автомобілів,16690,2020,Сєвєродонецьк,Сервісний центр МВС
Зареєстрованих вантажних автомобілів,2615,2020,Сєвєродонецьк,Сервісний центр МВС
Зареєстрованих автобусів,567,2020,Сєвєродонецьк,Сервісний центр МВС
Зареєстрованих мототранспортних засобів,1403,2020,Сєвєродонецьк,Сервісний центр МВС
Зареєстрованих транспортних засобів,22385,2020,Сєвєродонецьк,Сервісний центр МВС
Транспортних засобів,22385,2020,Сєвєродонецьк,Сервісний центр МВС
Транспортних засобів із ДВЗ,21276,2020,Сєвєродонецьк,Сервісний центр МВС
Транспортних засобів із ГБО,6181,2020,Сєвєродонецьк,Сервісний центр МВС
Чоловіків працездатного віку,36301,2018,Сєвєродонецьк,Управління статистики
Чоловіків після працездатного віку,6846,2018,Сєвєродонецьк,Управління статистики
Чоловіків до працездатного віку,7773,2018,Сєвєродонецьк,Управління статистики
Жінок працездатного віку,35862,2018,Сєвєродонецьк,Управління статистики
Жінок після працездатного віку,20010,2018,Сєвєродонецьк,Управління статистики
Жінок до працездатного віку,7175,2018,Сєвєродонецьк,Управління статистики
Використано палива за рік,142053030,2018,Сєвєродонецьк,Управління статистики
Використано бензину за рік,31870530,2018,Сєвєродонецьк,Управління статистики
Використано дизпалива за рік,110182500,2018,Сєвєродонецьк,Управління статистики
Чоловіків,50920,2018,Сєвєродонецьк,Управління статистики
Жінок,63047,2018,Сєвєродонецьк,Управління статистики
Середня тривалість життя в країні,71.76,2018,Сєвєродонецьк,Управління статистики
Середня тривалість життя чоловіків в країні,66.69,2018,Сєвєродонецьк,Управління статистики
Середня тривалість життя жінок в країні,76.72,2018,Сєвєродонецьк,Управління статистики
Чоловіків працездатного віку,35801,2019,Сєвєродонецьк,Управління статистики
Чоловіків після працездатного віку,7002,2019,Сєвєродонецьк,Управління статистики
Чоловіків до працездатного віку,7604,2019,Сєвєродонецьк,Управління статистики
Жінок працездатного віку,34963,2019,Сєвєродонецьк,Управління статистики
Жінок після працездатного віку,20362,2019,Сєвєродонецьк,Управління статистики
Жінок до працездатного віку,7032,2019,Сєвєродонецьк,Управління статистики
Використано палива за рік,152449440,2019,Сєвєродонецьк,Управління статистики
Використано бензину за рік,31537200,2019,Сєвєродонецьк,Управління статистики
Використано дизпалива за рік,120912240,2019,Сєвєродонецьк,Управління статистики
Чоловіків,50407,2019,Сєвєродонецьк,Управління статистики
Жінок,62357,2019,Сєвєродонецьк,Управління статистики
Середня тривалість життя в країні,72.01,2019,Сєвєродонецьк,Управління статистики
Середня тривалість життя чоловіків в країні,66.92,2019,Сєвєродонецьк,Управління статистики
Середня тривалість життя жінок в країні,76.98,2019,Сєвєродонецьк,Управління статистики
Чоловіків працездатного віку,35349,2020,Сєвєродонецьк,Управління статистики
Чоловіків після працездатного віку,6988,2020,Сєвєродонецьк,Управління статистики
Чоловіків до працездатного віку,7407,2020,Сєвєродонецьк,Управління статистики
Жінок працездатного віку,34139,2020,Сєвєродонецьк,Управління статистики
Жінок після працездатного віку,20630,2020,Сєвєродонецьк,Управління статистики
Жінок до працездатного віку,6882,2020,Сєвєродонецьк,Управління статистики
Використано палива за рік,119932670,2020,Сєвєродонецьк,Управління статистики
Використано бензину за рік,28269090,2020,Сєвєродонецьк,Управління статистики
Використано дизпалива за рік,91663580,2020,Сєвєродонецьк,Управління статистики
Чоловіків,49744,2020,Сєвєродонецьк,Управління статистики
Жінок,61651,2020,Сєвєродонецьк,Управління статистики
Середня тривалість життя в країні,71.35,2020,Сєвєродонецьк,Управління статистики
Середня тривалість життя чоловіків в країні,66.39,2020,Сєвєродонецьк,Управління статистики
Середня тривалість життя жінок в країні,76.22,2020,Сєвєродонецьк,Управління статистики